TMAX,TMIN,PRCP,DATE,STATION
  250,  100,    0,1962-07-01,ZI000067964
  233,   89,    0,1962-07-02,ZI000067964
  206,   83,    0,1962-07-03,ZI000067964
  222,   67,,1962-07-04,ZI000067964
  217,   72,    0,1962-07-05,ZI000067964
  233,   78,    0,1962-07-06,ZI000067964
  239,   94,    0,1962-07-07,ZI000067964
  233,  100,    0,1962-07-08,ZI000067964
  183,   72,,1962-07-09,ZI000067964
  167,   94,,1962-07-10,ZI000067964
  200,   72,    0,1962-07-11,ZI000067964
  217,   61,    0,1962-07-12,ZI000067964
  211,   67,    0,1962-07-13,ZI000067964
  211,   78,    0,1962-07-14,ZI000067964
  206,   83,    0,1962-07-15,ZI000067964
  194,   72,    0,1962-07-16,ZI000067964
  206,   61,    0,1962-07-17,ZI000067964
  211,   72,    0,1962-07-18,ZI000067964
  222,   83,    0,1962-07-19,ZI000067964
  189,   67,    0,1962-07-20,ZI000067964
  200,   78,    0,1962-07-21,ZI000067964
  206,   67,    0,1962-07-22,ZI000067964
  222,   61,    0,1962-07-23,ZI000067964
  244,   78,    0,1962-07-24,ZI000067964
  272,   56,    0,1962-07-25,ZI000067964
  194,   78,    0,1962-07-26,ZI000067964
  200,   78,    0,1962-07-27,ZI000067964
  239,   72,    0,1962-07-28,ZI000067964
  211,   89,    0,1962-07-29,ZI000067964
  183,   78,    0,1962-07-30,ZI000067964
  189,   67,    0,1962-07-31,ZI000067964
  211,   67,    0,1962-08-01,ZI000067964
  239,   67,    0,1962-08-02,ZI000067964
  250,   83,    0,1962-08-03,ZI000067964
  267,   72,    0,1962-08-04,ZI000067964
  167,  122,    0,1962-08-05,ZI000067964
  239,  122,    0,1962-08-06,ZI000067964
  228,  117,    0,1962-08-07,ZI000067964
  217,   78,    0,1962-08-08,ZI000067964
  228,   67,    0,1962-08-09,ZI000067964
  256,   78,    0,1962-08-10,ZI000067964
  261,  111,    0,1962-08-11,ZI000067964
  256,  117,    0,1962-08-12,ZI000067964
  244,  100,    0,1962-08-13,ZI000067964
  217,  100,    0,1962-08-14,ZI000067964
  228,   78,    0,1962-08-15,ZI000067964
  222,   83,    0,1962-08-16,ZI000067964
  233,   67,    0,1962-08-17,ZI000067964
  239,   78,    0,1962-08-18,ZI000067964
  250,   83,    0,1962-08-19,ZI000067964
  267,  100,    0,1962-08-20,ZI000067964
  289,   89,    0,1962-08-21,ZI000067964
  289,  144,,1962-08-22,ZI000067964
  294,  144,    0,1962-08-23,ZI000067964
  289,  111,    0,1962-08-24,ZI000067964
  289,  117,    0,1962-08-25,ZI000067964
  294,   94,    0,1962-08-26,ZI000067964
  239,  117,,1962-08-27,ZI000067964
  156,   44,    0,1962-08-28,ZI000067964
  211,   22,    0,1962-08-29,ZI000067964
  239,   50,    0,1962-08-30,ZI000067964
  250,   89,    0,1962-08-31,ZI000067964
  272,  106,    0,1962-09-01,ZI000067964
  278,  111,    0,1962-09-02,ZI000067964
  294,  106,    0,1962-09-03,ZI000067964
  283,  106,    0,1962-09-04,ZI000067964
  283,   94,    0,1962-09-05,ZI000067964
  283,  111,    0,1962-09-06,ZI000067964
  289,  111,    0,1962-09-07,ZI000067964
  289,  106,    0,1962-09-08,ZI000067964
  283,  117,    0,1962-09-09,ZI000067964
  294,  128,    0,1962-09-10,ZI000067964
  289,  128,    0,1962-09-11,ZI000067964
  317,  122,    0,1962-09-12,ZI000067964
  300,  150,    0,1962-09-13,ZI000067964
  306,  128,    0,1962-09-14,ZI000067964
  161,  117,,1962-09-15,ZI000067964
  244,   94,    0,1962-09-16,ZI000067964
  278,   72,    0,1962-09-17,ZI000067964
  289,  100,    0,1962-09-18,ZI000067964
  283,  111,    0,1962-09-19,ZI000067964
  289,  117,    0,1962-09-20,ZI000067964
  289,  122,    0,1962-09-21,ZI000067964
  300,  111,    0,1962-09-22,ZI000067964
  311,  111,    0,1962-09-23,ZI000067964
  322,  139,    0,1962-09-24,ZI000067964
  317,  144,    0,1962-09-25,ZI000067964
  322,  156,    0,1962-09-26,ZI000067964
  333,  150,    0,1962-09-27,ZI000067964
  283,  172,    0,1962-09-28,ZI000067964
  289,  156,    0,1962-09-29,ZI000067964
  300,  150,    0,1962-09-30,ZI000067964
  317,  133,    0,1962-10-01,ZI000067964
  311,  156,    0,1962-10-02,ZI000067964
  322,  156,    0,1962-10-03,ZI000067964
  322,  172,    0,1962-10-04,ZI000067964
  306,  172,    0,1962-10-05,ZI000067964
  306,  167,    0,1962-10-06,ZI000067964
  300,  167,,1962-10-07,ZI000067964
  333,  183,    0,1962-10-08,ZI000067964
  344,  172,    0,1962-10-09,ZI000067964
  311,  167,    0,1962-10-10,ZI000067964
  256,  122,    0,1962-10-11,ZI000067964
  283,  111,    0,1962-10-12,ZI000067964
  322,  139,    0,1962-10-13,ZI000067964
  344,  133,    0,1962-10-14,ZI000067964
  350,  161,    0,1962-10-15,ZI000067964
  356,  172,    0,1962-10-16,ZI000067964
  367,  172,    0,1962-10-17,ZI000067964
  367,  172,    0,1962-10-18,ZI000067964
  294,  161,,1962-10-19,ZI000067964
  267,  139,,1962-10-20,ZI000067964
  250,  133,,1962-10-21,ZI000067964
  289,  133,    0,1962-10-22,ZI000067964
  294,  144,    0,1962-10-23,ZI000067964
  317,  172,    0,1962-10-24,ZI000067964
  261,  150,    0,1962-10-25,ZI000067964
  278,  128,    0,1962-10-26,ZI000067964
  300,  122,    0,1962-10-27,ZI000067964
  322,  150,    0,1962-10-28,ZI000067964
  339,  172,    0,1962-10-29,ZI000067964
  350,  172,    0,1962-10-30,ZI000067964
  322,  200,    0,1962-10-31,ZI000067964
  300,  178,    0,1962-11-01,ZI000067964
  322,  161,    0,1962-11-02,ZI000067964
  317,  167,    0,1962-11-03,ZI000067964
  317,  172,    0,1962-11-04,ZI000067964
  267,  194,,1962-11-05,ZI000067964
  267,  178,,1962-11-06,ZI000067964
  278,  172,    0,1962-11-07,ZI000067964
  294,  150,    0,1962-11-08,ZI000067964
  289,  167,  160,1962-11-09,ZI000067964
  283,  156,  239,1962-11-10,ZI000067964
  294,  161,    0,1962-11-11,ZI000067964
  317,  156,    0,1962-11-12,ZI000067964
  333,  172,,1962-11-13,ZI000067964
  306,  189,  340,1962-11-14,ZI000067964
  261,  167,  310,1962-11-15,ZI000067964
  261,  167,  500,1962-11-16,ZI000067964
  261,  156,  201,1962-11-17,ZI000067964
  200,  139,   20,1962-11-18,ZI000067964
  278,  144,  109,1962-11-19,ZI000067964
  250,  167,  460,1962-11-20,ZI000067964
  294,  150,    0,1962-11-21,ZI000067964
  272,  178,,1962-11-22,ZI000067964
  267,  172,  191,1962-11-23,ZI000067964
  267,  172,  211,1962-11-24,ZI000067964
  289,  161,   20,1962-11-25,ZI000067964
  283,  167,    0,1962-11-26,ZI000067964
  283,  156,    0,1962-11-27,ZI000067964
  256,  178,   41,1962-11-28,ZI000067964
  267,  161,    0,1962-11-29,ZI000067964
  278,  167,,1962-11-30,ZI000067964
  283,  150,    0,1962-12-01,ZI000067964
  283,  161,    0,1962-12-02,ZI000067964
  261,  156,    0,1962-12-03,ZI000067964
  261,  161,    5,1962-12-04,ZI000067964
  272,  172,    3,1962-12-05,ZI000067964
  256,  161,    0,1962-12-06,ZI000067964
  283,  156,    3,1962-12-07,ZI000067964
  267,  156,    0,1962-12-08,ZI000067964
  261,  150,    0,1962-12-09,ZI000067964
  289,  150,    0,1962-12-10,ZI000067964
  272,  156,    5,1962-12-11,ZI000067964
  256,  161,   20,1962-12-12,ZI000067964
  244,  167,  450,1962-12-13,ZI000067964
  261,  150,    0,1962-12-14,ZI000067964
  289,  161,   41,1962-12-15,ZI000067964
  267,  172,   20,1962-12-16,ZI000067964
  278,  178,  140,1962-12-17,ZI000067964
  250,  172,   51,1962-12-18,ZI000067964
  261,  172,    0,1962-12-19,ZI000067964
  272,  172,    0,1962-12-20,ZI000067964
  256,  172,,1962-12-21,ZI000067964
  256,  167,,1962-12-22,ZI000067964
  267,  178,   89,1962-12-23,ZI000067964
  250,  172,  191,1962-12-24,ZI000067964
  211,  161,  191,1962-12-25,ZI000067964
  189,  156,    0,1962-12-26,ZI000067964
  233,  144,   71,1962-12-27,ZI000067964
  244,  156,   89,1962-12-28,ZI000067964
  228,  172,   71,1962-12-29,ZI000067964
  206,  161,   10,1962-12-30,ZI000067964
  206,  150,    0,1962-12-31,ZI000067964
  217,  144,,1963-01-01,ZI000067964
  211,  150,,1963-01-02,ZI000067964
  211,  128,    0,1963-01-03,ZI000067964
  250,  117,    0,1963-01-04,ZI000067964
  272,  128,    0,1963-01-05,ZI000067964
  278,  150,,1963-01-06,ZI000067964
  283,  167,   30,1963-01-07,ZI000067964
  283,  167,    0,1963-01-08,ZI000067964
  261,  156,  330,1963-01-09,ZI000067964
  267,  139,    0,1963-01-10,ZI000067964
  272,  150,    0,1963-01-11,ZI000067964
  250,  167,,1963-01-12,ZI000067964
  239,  144,,1963-01-13,ZI000067964
  244,  150,    0,1963-01-14,ZI000067964
  278,  144,    0,1963-01-15,ZI000067964
  267,  156,    0,1963-01-16,ZI000067964
  267,  144,    0,1963-01-17,ZI000067964
  278,  144,    0,1963-01-18,ZI000067964
  272,  144,    0,1963-01-19,ZI000067964
  278,  150,    0,1963-01-20,ZI000067964
  283,  144,    0,1963-01-21,ZI000067964
  294,  139,    0,1963-01-22,ZI000067964
  311,  161,    0,1963-01-23,ZI000067964
  294,  156,    0,1963-01-24,ZI000067964
  289,  161,   41,1963-01-25,ZI000067964
  233,  167,  201,1963-01-26,ZI000067964
  239,  161,  109,1963-01-27,ZI000067964
  278,  167,    0,1963-01-28,ZI000067964
  256,  167,,1963-01-29,ZI000067964
  222,  161,,1963-01-30,ZI000067964
  244,  161,  300,1963-01-31,ZI000067964
  233,  161,   20,1963-02-01,ZI000067964
  278,  156,   30,1963-02-02,ZI000067964
  239,  178,   30,1963-02-03,ZI000067964
  211,  139,    0,1963-02-04,ZI000067964
  250,  128,    0,1963-02-05,ZI000067964
  244,  100,    0,1963-02-06,ZI000067964
  233,  133,,1963-02-07,ZI000067964
  256,  150,    0,1963-02-08,ZI000067964
  283,  133,    0,1963-02-09,ZI000067964
  256,  161,,1963-02-10,ZI000067964
  261,  150,    0,1963-02-11,ZI000067964
  261,  156,   20,1963-02-12,ZI000067964
  239,  172,  211,1963-02-13,ZI000067964
  250,  156,    3,1963-02-14,ZI000067964
  250,  172,    0,1963-02-15,ZI000067964
  244,  144,    0,1963-02-16,ZI000067964
  267,  156,    0,1963-02-17,ZI000067964
  261,  139,,1963-02-18,ZI000067964
  250,  167,    3,1963-02-19,ZI000067964
  233,  156,   20,1963-02-20,ZI000067964
  211,  167,    0,1963-02-21,ZI000067964
  244,  167,   89,1963-02-22,ZI000067964
  267,  172,   79,1963-02-23,ZI000067964
  267,  167,  361,1963-02-24,ZI000067964
  239,  178,  371,1963-02-25,ZI000067964
  189,  139,    0,1963-02-26,ZI000067964
  217,  117,    0,1963-02-27,ZI000067964
  239,  117,    0,1963-02-28,ZI000067964
  278,   89,    0,1963-03-01,ZI000067964
  272,  111,    0,1963-03-02,ZI000067964
  261,  111,    0,1963-03-03,ZI000067964
  256,  139,    0,1963-03-04,ZI000067964
  256,  144,    0,1963-03-05,ZI000067964
  278,  167,    0,1963-03-06,ZI000067964
  289,  161,    0,1963-03-07,ZI000067964
  283,  167,    5,1963-03-08,ZI000067964
  239,  161,    0,1963-03-09,ZI000067964
  206,  133,,1963-03-10,ZI000067964
  211,  128,    0,1963-03-11,ZI000067964
  256,  111,    0,1963-03-12,ZI000067964
  250,  133,    0,1963-03-13,ZI000067964
  267,  122,    0,1963-03-14,ZI000067964
  278,  150,    0,1963-03-15,ZI000067964
  289,  133,    0,1963-03-16,ZI000067964
  294,  144,    0,1963-03-17,ZI000067964
  278,  156,    0,1963-03-18,ZI000067964
  211,  150,,1963-03-19,ZI000067964
  183,  128,,1963-03-20,ZI000067964
  250,   94,    0,1963-03-21,ZI000067964
  283,  106,    0,1963-03-22,ZI000067964
  289,  122,    0,1963-03-23,ZI000067964
  244,  128,    0,1963-03-24,ZI000067964
  250,  117,    0,1963-03-25,ZI000067964
  272,  106,,1963-03-26,ZI000067964
  278,  128,    3,1963-03-27,ZI000067964
  244,  167,    0,1963-03-28,ZI000067964
  256,  128,    0,1963-03-29,ZI000067964
  239,  156,,1963-03-30,ZI000067964
  261,  144,    0,1963-03-31,ZI000067964
  278,  128,,1963-04-01,ZI000067964
  283,  172,,1963-04-02,ZI000067964
  278,  161,,1963-04-03,ZI000067964
  278,  150,    0,1963-04-04,ZI000067964
  267,  172,   61,1963-04-05,ZI000067964
  283,  150,   79,1963-04-06,ZI000067964
  289,  156,  391,1963-04-07,ZI000067964
  222,,  351,1963-04-08,ZI000067964
  244,  150,    0,1963-04-09,ZI000067964
  228,  150,,1963-04-10,ZI000067964
  239,  150,    0,1963-04-11,ZI000067964
  261,  128,    0,1963-04-12,ZI000067964
  278,  133,,1963-04-13,ZI000067964
  267,  167,   61,1963-04-14,ZI000067964
  250,  167,   61,1963-04-15,ZI000067964
  217,  128,   10,1963-04-16,ZI000067964
  233,  117,    0,1963-04-17,ZI000067964
  244,  106,    0,1963-04-18,ZI000067964
  250,   89,    0,1963-04-19,ZI000067964
  261,   94,    0,1963-04-20,ZI000067964
  261,   94,,1963-04-21,ZI000067964
  150,  106,    0,1963-04-22,ZI000067964
  183,   83,    0,1963-04-23,ZI000067964
  217,   56,    0,1963-04-24,ZI000067964
  222,   72,    0,1963-04-25,ZI000067964
  222,   72,    0,1963-04-26,ZI000067964
  211,   78,    0,1963-04-27,ZI000067964
  200,   50,    0,1963-04-28,ZI000067964
  217,   72,    0,1963-04-29,ZI000067964
  206,   83,    0,1963-04-30,ZI000067964
  194,  100,,1963-05-01,ZI000067964
  217,   89,    0,1963-05-02,ZI000067964
  222,   72,    0,1963-05-03,ZI000067964
  194,   83,,1963-05-04,ZI000067964
  211,   67,    0,1963-05-05,ZI000067964
  228,   72,    0,1963-05-06,ZI000067964
  200,   78,    0,1963-05-07,ZI000067964
  189,  100,    0,1963-05-08,ZI000067964
  222,  100,    0,1963-05-09,ZI000067964
  228,   94,,1963-05-10,ZI000067964
  256,   94,    0,1963-05-11,ZI000067964
  272,   89,   20,1963-05-12,ZI000067964
  239,   67,    0,1963-05-13,ZI000067964
  239,   83,    0,1963-05-14,ZI000067964
  250,   56,    0,1963-05-15,ZI000067964
  239,   50,    0,1963-05-16,ZI000067964
  211,   44,    0,1963-05-17,ZI000067964
  222,   44,    0,1963-05-18,ZI000067964
  200,   56,    0,1963-05-19,ZI000067964
  211,   61,    0,1963-05-20,ZI000067964
  217,   50,    0,1963-05-21,ZI000067964
  250,   22,    0,1963-05-22,ZI000067964
  250,   50,    0,1963-05-23,ZI000067964
  206,   94,    0,1963-05-24,ZI000067964
  228,   72,    0,1963-05-25,ZI000067964
  228,   56,    0,1963-05-26,ZI000067964
  239,   44,    0,1963-05-27,ZI000067964
  189,   78,    0,1963-05-28,ZI000067964
  194,   89,    0,1963-05-29,ZI000067964
  189,   39,    0,1963-05-30,ZI000067964
  206,   50,    0,1963-05-31,ZI000067964
  217,   28,    0,1963-06-01,ZI000067964
  211,   33,    0,1963-06-02,ZI000067964
  206,   33,    0,1963-06-03,ZI000067964
  183,   50,    0,1963-06-04,ZI000067964
  178,   39,    0,1963-06-05,ZI000067964
  183,   44,    0,1963-06-06,ZI000067964
  194,   28,    0,1963-06-07,ZI000067964
  233,   56,    0,1963-06-08,ZI000067964
  239,   33,    0,1963-06-09,ZI000067964
  244,   44,    0,1963-06-10,ZI000067964
  239,   39,    0,1963-06-11,ZI000067964
  239,   56,    0,1963-06-12,ZI000067964
  206,   67,    0,1963-06-13,ZI000067964
  206,   50,,1963-06-14,ZI000067964
  172,   72,    0,1963-06-15,ZI000067964
  183,   61,    3,1963-06-16,ZI000067964
  161,   67,    5,1963-06-17,ZI000067964
  161,   89,    5,1963-06-18,ZI000067964
  189,   83,    0,1963-06-19,ZI000067964
  217,   83,    0,1963-06-20,ZI000067964
  228,   61,    0,1963-06-21,ZI000067964
  244,   67,    0,1963-06-22,ZI000067964
  239,  100,   10,1963-06-23,ZI000067964
  178,,    0,1963-06-24,ZI000067964
  144,   89,,1963-06-25,ZI000067964
  206,   56,    0,1963-06-26,ZI000067964
  233,   61,    0,1963-06-27,ZI000067964
  244,   56,    0,1963-06-28,ZI000067964
  233,   72,    0,1963-06-29,ZI000067964
  233,   78,    0,1963-06-30,ZI000067964
  239,   67,    0,1963-07-01,ZI000067964
  206,   56,    0,1963-07-02,ZI000067964
  189,   44,    0,1963-07-03,ZI000067964
  194,   39,    0,1963-07-04,ZI000067964
  172,   50,    0,1963-07-05,ZI000067964
  206,   50,    0,1963-07-06,ZI000067964
  211,   72,    0,1963-07-07,ZI000067964
  217,   67,    0,1963-07-08,ZI000067964
  233,   72,    0,1963-07-09,ZI000067964
  256,   56,    0,1963-07-10,ZI000067964
  194,   89,    0,1963-07-11,ZI000067964
  211,    6,    0,1963-07-12,ZI000067964
  200,   28,    0,1963-07-13,ZI000067964
  222,   11,    0,1963-07-14,ZI000067964
  233,   39,    0,1963-07-15,ZI000067964
  244,   72,    0,1963-07-16,ZI000067964
  233,   67,    0,1963-07-17,ZI000067964
  256,   56,    0,1963-07-18,ZI000067964
  256,   50,    0,1963-07-19,ZI000067964
  222,   83,    0,1963-07-20,ZI000067964
  183,   89,    0,1963-07-21,ZI000067964
  233,   78,    0,1963-07-22,ZI000067964
  250,   56,    0,1963-07-23,ZI000067964
  239,   83,    0,1963-07-24,ZI000067964
  256,   83,    0,1963-07-25,ZI000067964
  233,   72,    0,1963-07-26,ZI000067964
  167,  100,    0,1963-07-27,ZI000067964
  189,   94,    0,1963-07-28,ZI000067964
  217,   56,    0,1963-07-29,ZI000067964
  233,   67,    0,1963-07-30,ZI000067964
  228,   78,    0,1963-07-31,ZI000067964
  194,   83,    0,1963-08-01,ZI000067964
  194,   94,    0,1963-08-02,ZI000067964
  200,  100,    0,1963-08-03,ZI000067964
  200,   72,    0,1963-08-04,ZI000067964
  200,   78,    0,1963-08-05,ZI000067964
  211,   78,    0,1963-08-06,ZI000067964
  244,  117,    0,1963-08-07,ZI000067964
  267,   78,    0,1963-08-08,ZI000067964
  222,   78,    0,1963-08-09,ZI000067964
  211,   39,    0,1963-08-10,ZI000067964
  233,   56,    0,1963-08-11,ZI000067964
  256,   67,    0,1963-08-12,ZI000067964
  267,   61,    0,1963-08-13,ZI000067964
  278,   61,    0,1963-08-14,ZI000067964
  278,   78,    0,1963-08-15,ZI000067964
  261,   94,    0,1963-08-16,ZI000067964
  272,   89,    0,1963-08-17,ZI000067964
  233,   72,    0,1963-08-18,ZI000067964
  211,   67,    0,1963-08-19,ZI000067964
  233,   56,    0,1963-08-20,ZI000067964
  256,   78,    0,1963-08-21,ZI000067964
  278,   83,    0,1963-08-22,ZI000067964
  267,  100,    0,1963-08-23,ZI000067964
  272,  106,    0,1963-08-24,ZI000067964
  272,   78,    0,1963-08-25,ZI000067964
  278,  139,    0,1963-08-26,ZI000067964
  250,  122,    0,1963-08-27,ZI000067964
  239,  100,    0,1963-08-28,ZI000067964
  233,   89,    0,1963-08-29,ZI000067964
  228,   78,    0,1963-08-30,ZI000067964
  267,   50,    0,1963-08-31,ZI000067964
  217,  106,    0,1963-09-01,ZI000067964
  217,  106,    0,1963-09-02,ZI000067964
  256,   89,    0,1963-09-03,ZI000067964
  267,   89,    0,1963-09-04,ZI000067964
  272,   72,    0,1963-09-05,ZI000067964
  283,  100,    0,1963-09-06,ZI000067964
  294,  122,    0,1963-09-07,ZI000067964
  294,  139,    0,1963-09-08,ZI000067964
  278,  139,    0,1963-09-09,ZI000067964
  289,  128,    0,1963-09-10,ZI000067964
  294,  128,    0,1963-09-11,ZI000067964
  294,  128,    0,1963-09-12,ZI000067964
  300,  128,    0,1963-09-13,ZI000067964
  267,  139,    0,1963-09-14,ZI000067964
  261,  111,    0,1963-09-15,ZI000067964
  278,  106,    0,1963-09-16,ZI000067964
  289,  111,    0,1963-09-17,ZI000067964
  289,  133,    0,1963-09-18,ZI000067964
  272,  139,    0,1963-09-19,ZI000067964
  294,  122,    0,1963-09-20,ZI000067964
  322,  122,    0,1963-09-21,ZI000067964
  328,  144,    0,1963-09-22,ZI000067964
  339,  139,    0,1963-09-23,ZI000067964
  328,  183,,1963-09-24,ZI000067964
  306,  139,    0,1963-09-25,ZI000067964
  267,  167,    0,1963-09-26,ZI000067964
  272,  150,    0,1963-09-27,ZI000067964
  294,  133,    0,1963-09-28,ZI000067964
  272,  128,    0,1963-09-29,ZI000067964
  289,  122,    0,1963-09-30,ZI000067964
  311,  117,    0,1963-10-01,ZI000067964
  311,  128,    0,1963-10-02,ZI000067964
  322,  156,    0,1963-10-03,ZI000067964
  322,  167,    3,1963-10-04,ZI000067964
  333,  150,    0,1963-10-05,ZI000067964
  339,  161,    0,1963-10-06,ZI000067964
  311,  172,    0,1963-10-07,ZI000067964
  333,  144,,1963-10-08,ZI000067964
  339,  178,    0,1963-10-09,ZI000067964
  300,  178,    0,1963-10-10,ZI000067964
  289,  178,    0,1963-10-11,ZI000067964
  322,  150,,1963-10-12,ZI000067964
  289,  172,,1963-10-13,ZI000067964
  311,  150,    0,1963-10-14,ZI000067964
  294,  167,    0,1963-10-15,ZI000067964
  289,  150,    0,1963-10-16,ZI000067964
  294,  139,    0,1963-10-17,ZI000067964
  300,  139,    0,1963-10-18,ZI000067964
  289,  144,    0,1963-10-19,ZI000067964
  300,  128,    0,1963-10-20,ZI000067964
  328,  150,    0,1963-10-21,ZI000067964
  222,  161,   20,1963-10-22,ZI000067964
  300,  139,   30,1963-10-23,ZI000067964
  283,  133,    0,1963-10-24,ZI000067964
  222,  156,,1963-10-25,ZI000067964
  256,  150,,1963-10-26,ZI000067964
  211,  167,    3,1963-10-27,ZI000067964
  244,  150,  269,1963-10-28,ZI000067964
  256,  156,    0,1963-10-29,ZI000067964
  278,  144,    0,1963-10-30,ZI000067964
  272,  144,    0,1963-10-31,ZI000067964
  267,  144,    0,1963-11-01,ZI000067964
  239,  150,,1963-11-02,ZI000067964
  278,  128,    0,1963-11-03,ZI000067964
  311,  156,    0,1963-11-04,ZI000067964
  300,  172,,1963-11-05,ZI000067964
  283,  150,    0,1963-11-06,ZI000067964
  283,  144,    0,1963-11-07,ZI000067964
  300,  139,    0,1963-11-08,ZI000067964
  294,  172,    0,1963-11-09,ZI000067964
  289,  150,    0,1963-11-10,ZI000067964
  311,  156,    0,1963-11-11,ZI000067964
  306,  167,    0,1963-11-12,ZI000067964
  294,  183,    0,1963-11-13,ZI000067964
  289,  156,    0,1963-11-14,ZI000067964
  306,  156,    0,1963-11-15,ZI000067964
  311,  172,    0,1963-11-16,ZI000067964
  267,  178,   20,1963-11-17,ZI000067964
  294,  172,    0,1963-11-18,ZI000067964
  272,  178,  211,1963-11-19,ZI000067964
  272,  167,   20,1963-11-20,ZI000067964
  283,  161,    0,1963-11-21,ZI000067964
  289,  150,    0,1963-11-22,ZI000067964
  300,  172,    0,1963-11-23,ZI000067964
  300,  161,    0,1963-11-24,ZI000067964
  300,  167,    0,1963-11-25,ZI000067964
  294,  167,    0,1963-11-26,ZI000067964
  322,  161,    0,1963-11-27,ZI000067964
  333,  178,    5,1963-11-28,ZI000067964
  244,  172,    0,1963-11-29,ZI000067964
  294,  161,   10,1963-11-30,ZI000067964
  272,  172,   89,1963-12-01,ZI000067964
  206,  167,  279,1963-12-02,ZI000067964
  217,  156,   20,1963-12-03,ZI000067964
  233,  156,  130,1963-12-04,ZI000067964
  239,  161,  119,1963-12-05,ZI000067964
  228,  156,  160,1963-12-06,ZI000067964
  272,  161,    0,1963-12-07,ZI000067964
  283,  150,    0,1963-12-08,ZI000067964
  283,  178,,1963-12-09,ZI000067964
  283,  167,,1963-12-10,ZI000067964
  256,  194,   71,1963-12-11,ZI000067964
  239,  172,   61,1963-12-12,ZI000067964
  250,  161,   20,1963-12-13,ZI000067964
  278,  150,    0,1963-12-14,ZI000067964
  306,  144,    0,1963-12-15,ZI000067964
  283,  172,    0,1963-12-16,ZI000067964
  289,  172,,1963-12-17,ZI000067964
  306,  167,    0,1963-12-18,ZI000067964
  311,  144,    0,1963-12-19,ZI000067964
  317,  167,    0,1963-12-20,ZI000067964
  328,  150,   30,1963-12-21,ZI000067964
  294,  178,    0,1963-12-22,ZI000067964
  183,  144,,1963-12-23,ZI000067964
  217,  117,    0,1963-12-24,ZI000067964
  267,   89,    0,1963-12-25,ZI000067964
  283,  128,    0,1963-12-26,ZI000067964
  261,  150,    0,1963-12-27,ZI000067964
  289,  144,    0,1963-12-28,ZI000067964
  311,  150,    0,1963-12-29,ZI000067964
  306,  150,    0,1963-12-30,ZI000067964
  300,  156,,1963-12-31,ZI000067964
  306,  178,    0,1964-01-01,ZI000067964
  306,  167,  160,1964-01-02,ZI000067964
  272,  172,    0,1964-01-03,ZI000067964
  261,  172,,1964-01-04,ZI000067964
  294,  167,    0,1964-01-05,ZI000067964
  283,  161,   79,1964-01-06,ZI000067964
  261,  178,  310,1964-01-07,ZI000067964
  267,  178,  109,1964-01-08,ZI000067964
  228,  172,   89,1964-01-09,ZI000067964
  233,  161,    0,1964-01-10,ZI000067964
  256,  144,,1964-01-11,ZI000067964
  261,  161,    0,1964-01-12,ZI000067964
  256,  161,    0,1964-01-13,ZI000067964
  289,  139,    0,1964-01-14,ZI000067964
  272,  161,    0,1964-01-15,ZI000067964
  283,  139,    0,1964-01-16,ZI000067964
  294,  161,,1964-01-17,ZI000067964
  267,  167,,1964-01-18,ZI000067964
  267,  133,,1964-01-19,ZI000067964
  267,  167,    0,1964-01-20,ZI000067964
  272,  189,    0,1964-01-21,ZI000067964
  283,  144,    0,1964-01-22,ZI000067964
  306,  133,    0,1964-01-23,ZI000067964
  272,  172,   20,1964-01-24,ZI000067964
  306,  144,    0,1964-01-25,ZI000067964
  289,  194,    5,1964-01-26,ZI000067964
  294,  167,    0,1964-01-27,ZI000067964
  283,  167,    0,1964-01-28,ZI000067964
  294,  172,,1964-01-29,ZI000067964
  300,  167,    0,1964-01-30,ZI000067964
  300,  167,,1964-01-31,ZI000067964
  278,  178,  150,1964-02-01,ZI000067964
  233,  183,    5,1964-02-02,ZI000067964
  256,  178,    5,1964-02-03,ZI000067964
  228,  167,    0,1964-02-04,ZI000067964
  233,  156,,1964-02-05,ZI000067964
  272,  139,    0,1964-02-06,ZI000067964
  278,  128,    0,1964-02-07,ZI000067964
  311,  128,   30,1964-02-08,ZI000067964
  317,  150,    0,1964-02-09,ZI000067964
  272,  194,    0,1964-02-10,ZI000067964
  250,  161,,1964-02-11,ZI000067964
  283,  161,    0,1964-02-12,ZI000067964
  306,  150,,1964-02-13,ZI000067964
  283,  178,   41,1964-02-14,ZI000067964
  300,  178,  150,1964-02-15,ZI000067964
  289,  167,    0,1964-02-16,ZI000067964
  261,  167,   20,1964-02-17,ZI000067964
  283,  178,   41,1964-02-18,ZI000067964
  211,  183,   30,1964-02-19,ZI000067964
  233,  178,   41,1964-02-20,ZI000067964
  272,  178,    0,1964-02-21,ZI000067964
  294,  156,    0,1964-02-22,ZI000067964
  311,  144,    0,1964-02-23,ZI000067964
  283,  167,    0,1964-02-24,ZI000067964
  283,  150,    0,1964-02-25,ZI000067964
  294,  139,    0,1964-02-26,ZI000067964
  267,  156,    0,1964-02-27,ZI000067964
  306,  139,    0,1964-02-28,ZI000067964
  311,  150,    0,1964-02-29,ZI000067964
  294,  156,    0,1964-03-01,ZI000067964
  294,  150,    0,1964-03-02,ZI000067964
  317,  122,    0,1964-03-03,ZI000067964
  311,  167,,1964-03-04,ZI000067964
  317,  183,    0,1964-03-05,ZI000067964
  317,  161,    0,1964-03-06,ZI000067964
  328,  178,,1964-03-07,ZI000067964
  256,  178,   10,1964-03-08,ZI000067964
  239,  172,   10,1964-03-09,ZI000067964
  261,  172,    3,1964-03-10,ZI000067964
  261,  167,    0,1964-03-11,ZI000067964
  300,  133,,1964-03-12,ZI000067964
  317,  183,    0,1964-03-13,ZI000067964
  267,  161,    0,1964-03-14,ZI000067964
  306,  144,    0,1964-03-15,ZI000067964
  306,  144,    0,1964-03-16,ZI000067964
  317,  167,    0,1964-03-17,ZI000067964
  300,  161,    0,1964-03-18,ZI000067964
  294,  161,    0,1964-03-19,ZI000067964
  289,  144,    0,1964-03-20,ZI000067964
  294,  156,    0,1964-03-21,ZI000067964
  306,  122,    0,1964-03-22,ZI000067964
  300,  156,    0,1964-03-23,ZI000067964
  306,  156,    0,1964-03-24,ZI000067964
  294,  178,    0,1964-03-25,ZI000067964
  289,  161,    0,1964-03-26,ZI000067964
  311,  156,    0,1964-03-27,ZI000067964
  322,  161,    0,1964-03-28,ZI000067964
  328,  150,    0,1964-03-29,ZI000067964
  322,  167,    0,1964-03-30,ZI000067964
  306,  156,    0,1964-03-31,ZI000067964
  294,  144,    0,1964-04-01,ZI000067964
  306,  139,    0,1964-04-02,ZI000067964
  317,  150,    0,1964-04-03,ZI000067964
  283,  167,    0,1964-04-04,ZI000067964
  267,  139,    0,1964-04-05,ZI000067964
  283,  111,    0,1964-04-06,ZI000067964
  306,  133,    0,1964-04-07,ZI000067964
  306,  117,    0,1964-04-08,ZI000067964
  306,  106,    0,1964-04-09,ZI000067964
  272,  161,    0,1964-04-10,ZI000067964
  267,  150,,1964-04-11,ZI000067964
  244,  139,    0,1964-04-12,ZI000067964
  278,  122,    0,1964-04-13,ZI000067964
  306,  122,    0,1964-04-14,ZI000067964
  322,  128,,1964-04-15,ZI000067964
  211,  139,    0,1964-04-16,ZI000067964
  294,  122,    0,1964-04-17,ZI000067964
  289,  122,    0,1964-04-18,ZI000067964
  311,  150,    0,1964-04-19,ZI000067964
  272,  161,   10,1964-04-20,ZI000067964
  206,  144,    0,1964-04-21,ZI000067964
  206,   94,    0,1964-04-22,ZI000067964
  206,   94,    0,1964-04-23,ZI000067964
  233,   89,    0,1964-04-24,ZI000067964
  261,   89,    0,1964-04-25,ZI000067964
  267,  122,    0,1964-04-26,ZI000067964
  267,  117,,1964-04-27,ZI000067964
  222,  139,,1964-04-28,ZI000067964
  183,  117,,1964-04-29,ZI000067964
  172,  111,,1964-04-30,ZI000067964
  194,   89,    0,1964-05-01,ZI000067964
  211,   94,    0,1964-05-02,ZI000067964
  217,  111,    0,1964-05-03,ZI000067964
  217,   83,    0,1964-05-04,ZI000067964
  233,   78,    0,1964-05-05,ZI000067964
  233,   83,    0,1964-05-06,ZI000067964
  244,   83,    0,1964-05-07,ZI000067964
  250,   72,    0,1964-05-08,ZI000067964
  239,  122,    0,1964-05-09,ZI000067964
  239,  100,    0,1964-05-10,ZI000067964
  261,  122,    0,1964-05-11,ZI000067964
  272,  100,    0,1964-05-12,ZI000067964
  267,  133,    0,1964-05-13,ZI000067964
  217,  133,    0,1964-05-14,ZI000067964
  244,  100,    0,1964-05-15,ZI000067964
  250,   72,    0,1964-05-16,ZI000067964
  250,  117,    0,1964-05-17,ZI000067964
  272,   83,    0,1964-05-18,ZI000067964
  256,   89,    0,1964-05-19,ZI000067964
  239,   94,    0,1964-05-20,ZI000067964
  250,   83,    0,1964-05-21,ZI000067964
  233,   83,    0,1964-05-22,ZI000067964
  206,   78,    0,1964-05-23,ZI000067964
  222,   83,    0,1964-05-24,ZI000067964
  211,   83,    0,1964-05-25,ZI000067964
  200,   89,    0,1964-05-26,ZI000067964
  189,  100,,1964-05-27,ZI000067964
  150,  100,,1964-05-28,ZI000067964
  200,   83,    0,1964-05-29,ZI000067964
  194,  100,,1964-05-30,ZI000067964
  194,   83,    0,1964-05-31,ZI000067964
  189,   50,    0,1964-06-01,ZI000067964
  206,   61,    0,1964-06-02,ZI000067964
  217,   67,    0,1964-06-03,ZI000067964
  233,   78,    0,1964-06-04,ZI000067964
  244,   89,    0,1964-06-05,ZI000067964
  256,   61,    0,1964-06-06,ZI000067964
  261,   61,    0,1964-06-07,ZI000067964
  244,  122,    0,1964-06-08,ZI000067964
  206,   83,    0,1964-06-09,ZI000067964
  222,   72,    0,1964-06-10,ZI000067964
  228,   39,    0,1964-06-11,ZI000067964
  222,   89,    0,1964-06-12,ZI000067964
  222,   89,    0,1964-06-13,ZI000067964
  206,   83,    0,1964-06-14,ZI000067964
  189,   78,    0,1964-06-15,ZI000067964
  211,   61,    0,1964-06-16,ZI000067964
  206,   83,    0,1964-06-17,ZI000067964
  178,   50,    0,1964-06-18,ZI000067964
  178,  -17,    0,1964-06-19,ZI000067964
  178,  -11,    0,1964-06-20,ZI000067964
  194,   11,    0,1964-06-21,ZI000067964
  222,   17,    0,1964-06-22,ZI000067964
  239,   28,    0,1964-06-23,ZI000067964
  233,   44,    0,1964-06-24,ZI000067964
  194,   50,    0,1964-06-25,ZI000067964
  161,   39,    0,1964-06-26,ZI000067964
  178,   17,    0,1964-06-27,ZI000067964
  200,   39,    0,1964-06-28,ZI000067964
  189,   33,    0,1964-06-29,ZI000067964
  200,   11,    0,1964-06-30,ZI000067964
  217,   39,    0,1964-07-01,ZI000067964
  183,   61,    0,1964-07-02,ZI000067964
  217,   50,    0,1964-07-03,ZI000067964
  222,   22,    0,1964-07-04,ZI000067964
  206,   22,    0,1964-07-05,ZI000067964
  139,   67,    0,1964-07-06,ZI000067964
  139,   39,    0,1964-07-07,ZI000067964
  161,   50,    0,1964-07-08,ZI000067964
  167,   44,    0,1964-07-09,ZI000067964
  139,   56,    0,1964-07-10,ZI000067964
  161,   56,    0,1964-07-11,ZI000067964
  183,   61,    0,1964-07-12,ZI000067964
  189,   56,    0,1964-07-13,ZI000067964
  183,   56,    0,1964-07-14,ZI000067964
  200,   67,    0,1964-07-15,ZI000067964
  200,   67,    0,1964-07-16,ZI000067964
  167,   61,    0,1964-07-17,ZI000067964
  189,   61,    0,1964-07-18,ZI000067964
  222,   67,    0,1964-07-19,ZI000067964
  172,   72,    0,1964-07-20,ZI000067964
  167,   83,    0,1964-07-21,ZI000067964
  189,   50,    0,1964-07-22,ZI000067964
  211,   39,    0,1964-07-23,ZI000067964
  211,   39,    0,1964-07-24,ZI000067964
  211,   39,    0,1964-07-25,ZI000067964
  189,   72,    0,1964-07-26,ZI000067964
  206,   44,    0,1964-07-27,ZI000067964
  233,   33,    0,1964-07-28,ZI000067964
  228,   61,    0,1964-07-29,ZI000067964
  233,   61,    0,1964-07-30,ZI000067964
  244,   50,    0,1964-07-31,ZI000067964
  244,   83,    0,1964-08-01,ZI000067964
  239,   72,    0,1964-08-02,ZI000067964
  200,   78,    0,1964-08-03,ZI000067964
  217,   78,    0,1964-08-04,ZI000067964
  222,   83,    0,1964-08-05,ZI000067964
  178,  100,,1964-08-06,ZI000067964
  161,   83,    5,1964-08-07,ZI000067964
  172,   89,    0,1964-08-08,ZI000067964
  217,   67,,1964-08-09,ZI000067964
  233,   83,    0,1964-08-10,ZI000067964
  244,  106,    0,1964-08-11,ZI000067964
  261,   78,    0,1964-08-12,ZI000067964
  206,   89,    0,1964-08-13,ZI000067964
  200,   44,    0,1964-08-14,ZI000067964
  244,   50,    0,1964-08-15,ZI000067964
  256,   56,    0,1964-08-16,ZI000067964
  267,   89,    0,1964-08-17,ZI000067964
  228,  100,    0,1964-08-18,ZI000067964
  250,   72,    0,1964-08-19,ZI000067964
  261,   67,    0,1964-08-20,ZI000067964
  272,   89,    0,1964-08-21,ZI000067964
  267,  122,    0,1964-08-22,ZI000067964
  261,  117,    0,1964-08-23,ZI000067964
  283,  128,   10,1964-08-24,ZI000067964
  133,  106,    0,1964-08-25,ZI000067964
  194,   72,    0,1964-08-26,ZI000067964
  233,   61,    0,1964-08-27,ZI000067964
  261,   67,    0,1964-08-28,ZI000067964
  194,  100,    0,1964-08-29,ZI000067964
  244,   89,    0,1964-08-30,ZI000067964
  261,   72,    0,1964-08-31,ZI000067964
  278,  106,    0,1964-09-01,ZI000067964
  267,  111,    0,1964-09-02,ZI000067964
  228,  106,    0,1964-09-03,ZI000067964
  239,  100,    0,1964-09-04,ZI000067964
  239,  100,    0,1964-09-05,ZI000067964
  256,   94,    0,1964-09-06,ZI000067964
  217,  106,    0,1964-09-07,ZI000067964
  244,  100,    0,1964-09-08,ZI000067964
  233,   72,    0,1964-09-09,ZI000067964
  256,   83,    0,1964-09-10,ZI000067964
  267,  111,    0,1964-09-11,ZI000067964
  267,  133,    0,1964-09-12,ZI000067964
  283,  100,    0,1964-09-13,ZI000067964
  306,  100,    0,1964-09-14,ZI000067964
  289,  144,    0,1964-09-15,ZI000067964
  289,  144,    0,1964-09-16,ZI000067964
  300,  156,    0,1964-09-17,ZI000067964
  289,  150,    0,1964-09-18,ZI000067964
  272,  128,    0,1964-09-19,ZI000067964
  278,  111,    0,1964-09-20,ZI000067964
  283,  122,    0,1964-09-21,ZI000067964
  278,  139,    0,1964-09-22,ZI000067964
  300,  122,    0,1964-09-23,ZI000067964
  311,  122,    0,1964-09-24,ZI000067964
  311,  150,    0,1964-09-25,ZI000067964
  267,  128,    0,1964-09-26,ZI000067964
  311,  111,    0,1964-09-27,ZI000067964
  317,  106,    0,1964-09-28,ZI000067964
  333,  128,    0,1964-09-29,ZI000067964
  333,  144,    0,1964-09-30,ZI000067964
  339,  144,    0,1964-10-01,ZI000067964
  206,,    0,1964-10-02,ZI000067964
  283,  117,    0,1964-10-03,ZI000067964
  300,  133,    0,1964-10-04,ZI000067964
  289,  139,    0,1964-10-05,ZI000067964
  294,  139,    0,1964-10-06,ZI000067964
  272,  144,    0,1964-10-07,ZI000067964
  294,  122,    0,1964-10-08,ZI000067964
  294,  144,    0,1964-10-09,ZI000067964
  294,  133,    0,1964-10-10,ZI000067964
  311,  144,    0,1964-10-11,ZI000067964
  311,  178,    0,1964-10-12,ZI000067964
  306,  144,    0,1964-10-13,ZI000067964
  311,  156,    0,1964-10-14,ZI000067964
  328,  156,    0,1964-10-15,ZI000067964
  339,  183,    0,1964-10-16,ZI000067964
  328,  189,    0,1964-10-17,ZI000067964
  322,  189,,1964-10-18,ZI000067964
  317,  189,    0,1964-10-19,ZI000067964
  300,  206,,1964-10-20,ZI000067964
  317,  139,  391,1964-10-21,ZI000067964
  256,  144,    0,1964-10-22,ZI000067964
  272,  156,    0,1964-10-23,ZI000067964
  328,  139,    0,1964-10-24,ZI000067964
  333,  183,,1964-10-25,ZI000067964
  272,  206,    3,1964-10-26,ZI000067964
  206,,   30,1964-10-27,ZI000067964
  311,  128,    0,1964-10-28,ZI000067964
  289,  150,    0,1964-10-29,ZI000067964
  267,  161,    0,1964-10-30,ZI000067964
  289,  161,    0,1964-10-31,ZI000067964
  289,  156,   20,1964-11-01,ZI000067964
  294,  161,    0,1964-11-02,ZI000067964
  261,  178,    0,1964-11-03,ZI000067964
  278,  172,   51,1964-11-04,ZI000067964
  217,  156,    0,1964-11-05,ZI000067964
  294,  150,    0,1964-11-06,ZI000067964
  317,  150,    0,1964-11-07,ZI000067964
  344,  172,    0,1964-11-08,ZI000067964
  333,  200,   20,1964-11-09,ZI000067964
  289,  183,   89,1964-11-10,ZI000067964
  256,  161,   10,1964-11-11,ZI000067964
  311,  139,    0,1964-11-12,ZI000067964
  322,  172,    0,1964-11-13,ZI000067964
  333,  172,    0,1964-11-14,ZI000067964
  322,  172,    0,1964-11-15,ZI000067964
  328,  172,    0,1964-11-16,ZI000067964
  333,  172,    0,1964-11-17,ZI000067964
  322,  150,,1964-11-18,ZI000067964
  278,  172,   41,1964-11-19,ZI000067964
  283,  161,   30,1964-11-20,ZI000067964
  256,  150,   89,1964-11-21,ZI000067964
  222,  139,    0,1964-11-22,ZI000067964
  161,  100,,1964-11-23,ZI000067964
  222,   94,    0,1964-11-24,ZI000067964
  261,   89,    0,1964-11-25,ZI000067964
  283,  106,    0,1964-11-26,ZI000067964
  311,  111,    0,1964-11-27,ZI000067964
  317,  150,   10,1964-11-28,ZI000067964
  272,  144,    0,1964-11-29,ZI000067964
  283,  150,    5,1964-11-30,ZI000067964
  294,  156,    0,1964-12-01,ZI000067964
  278,  172,    0,1964-12-02,ZI000067964
  272,  156,    0,1964-12-03,ZI000067964
  294,  150,    0,1964-12-04,ZI000067964
  300,  189,    0,1964-12-05,ZI000067964
  267,  167,  399,1964-12-06,ZI000067964
  233,  167,   99,1964-12-07,ZI000067964
  278,  167,  409,1964-12-08,ZI000067964
  228,  161,   41,1964-12-09,ZI000067964
  239,  167,  249,1964-12-10,ZI000067964
  244,  172,   99,1964-12-11,ZI000067964
  233,  167,   71,1964-12-12,ZI000067964
  244,  161,  739,1964-12-13,ZI000067964
  228,  161,    3,1964-12-14,ZI000067964
  261,  161,  140,1964-12-15,ZI000067964
  283,  167,    5,1964-12-16,ZI000067964
  261,  161,    0,1964-12-17,ZI000067964
  239,  156,,1964-12-18,ZI000067964
  294,  156,   20,1964-12-19,ZI000067964
  256,  161,    0,1964-12-20,ZI000067964
  228,  150,    0,1964-12-21,ZI000067964
  261,  128,    0,1964-12-22,ZI000067964
  283,  150,    0,1964-12-23,ZI000067964
  250,  150,,1964-12-24,ZI000067964
  228,  150,,1964-12-25,ZI000067964
  256,  133,    0,1964-12-26,ZI000067964
  278,  133,,1964-12-27,ZI000067964
  283,  156,  399,1964-12-28,ZI000067964
  228,  150,   61,1964-12-29,ZI000067964
  211,  161,    0,1964-12-30,ZI000067964
  222,  161,   71,1964-12-31,ZI000067964
  256,  156,   20,1965-01-01,ZI000067964
  239,  161,    0,1965-01-02,ZI000067964
  256,  161,    0,1965-01-03,ZI000067964
  261,  161,    0,1965-01-04,ZI000067964
  272,  139,    0,1965-01-05,ZI000067964
  294,  139,   30,1965-01-06,ZI000067964
  250,  167,   20,1965-01-07,ZI000067964
  261,  161,    3,1965-01-08,ZI000067964
  250,  178,   20,1965-01-09,ZI000067964
  289,  178,    0,1965-01-10,ZI000067964
  294,  178,    0,1965-01-11,ZI000067964
  300,  178,    0,1965-01-12,ZI000067964
  272,  167,,1965-01-13,ZI000067964
  228,  167,    3,1965-01-14,ZI000067964
  228,  150,    0,1965-01-15,ZI000067964
  261,  139,  140,1965-01-16,ZI000067964
  261,  144,   20,1965-01-17,ZI000067964
  261,  156,   10,1965-01-18,ZI000067964
  267,  156,    0,1965-01-19,ZI000067964
  278,  150,    0,1965-01-20,ZI000067964
  272,  167,    0,1965-01-21,ZI000067964
  289,  172,    3,1965-01-22,ZI000067964
  283,  167,    5,1965-01-23,ZI000067964
  306,  156,    0,1965-01-24,ZI000067964
  278,  178,    0,1965-01-25,ZI000067964
  261,  167,,1965-01-26,ZI000067964
  267,  144,    0,1965-01-27,ZI000067964
  233,  156,    0,1965-01-28,ZI000067964
  278,  128,    0,1965-01-29,ZI000067964
  294,  122,    0,1965-01-30,ZI000067964
  300,  144,    3,1965-01-31,ZI000067964
  289,  156,   10,1965-02-01,ZI000067964
  283,  167,    0,1965-02-02,ZI000067964
  300,  172,    0,1965-02-03,ZI000067964
  272,  183,    0,1965-02-04,ZI000067964
  283,  144,    0,1965-02-05,ZI000067964
  283,  150,    0,1965-02-06,ZI000067964
  294,  150,    0,1965-02-07,ZI000067964
  300,  150,    0,1965-02-08,ZI000067964
  294,  156,    0,1965-02-09,ZI000067964
  311,  139,    0,1965-02-10,ZI000067964
  322,  133,    0,1965-02-11,ZI000067964
  311,  150,,1965-02-12,ZI000067964
  311,  161,   10,1965-02-13,ZI000067964
  300,  156,    0,1965-02-14,ZI000067964
  317,  156,    0,1965-02-15,ZI000067964
  306,  161,    0,1965-02-16,ZI000067964
  300,  150,    0,1965-02-17,ZI000067964
  306,  156,    0,1965-02-18,ZI000067964
  278,  172,   30,1965-02-19,ZI000067964
  256,  161,    0,1965-02-20,ZI000067964
  289,  156,    0,1965-02-21,ZI000067964
  306,  156,    0,1965-02-22,ZI000067964
  311,  139,    0,1965-02-23,ZI000067964
  306,  150,    0,1965-02-24,ZI000067964
  333,  144,,1965-02-25,ZI000067964
  328,  156,   10,1965-02-26,ZI000067964
  317,  161,    0,1965-02-27,ZI000067964
  306,  167,   10,1965-02-28,ZI000067964
  300,  156,    0,1965-03-01,ZI000067964
  317,  139,    0,1965-03-02,ZI000067964
  328,  144,    0,1965-03-03,ZI000067964
  317,  189,    5,1965-03-04,ZI000067964
  317,  167,    0,1965-03-05,ZI000067964
  317,  167,    0,1965-03-06,ZI000067964
  317,  144,,1965-03-07,ZI000067964
  294,  161,   20,1965-03-08,ZI000067964
  183,  139,    3,1965-03-09,ZI000067964
  211,  133,    0,1965-03-10,ZI000067964
  222,  128,    0,1965-03-11,ZI000067964
  250,  117,    0,1965-03-12,ZI000067964
  256,  128,    0,1965-03-13,ZI000067964
  267,  100,    0,1965-03-14,ZI000067964
  272,  111,    0,1965-03-15,ZI000067964
  267,  133,    0,1965-03-16,ZI000067964
  272,  122,    0,1965-03-17,ZI000067964
  278,  133,    0,1965-03-18,ZI000067964
  267,  156,    0,1965-03-19,ZI000067964
  267,  139,    0,1965-03-20,ZI000067964
  278,  139,    0,1965-03-21,ZI000067964
  283,  156,    0,1965-03-22,ZI000067964
  294,  156,    0,1965-03-23,ZI000067964
  300,  156,    0,1965-03-24,ZI000067964
  278,  117,,1965-03-25,ZI000067964
  256,  150,    0,1965-03-26,ZI000067964
  278,  133,    0,1965-03-27,ZI000067964
  294,  133,    0,1965-03-28,ZI000067964
  300,  133,    0,1965-03-29,ZI000067964
  300,  144,    0,1965-03-30,ZI000067964
  283,  150,    0,1965-03-31,ZI000067964
  261,  156,    0,1965-04-01,ZI000067964
  256,  144,    0,1965-04-02,ZI000067964
  222,  150,    0,1965-04-03,ZI000067964
  239,  122,    0,1965-04-04,ZI000067964
  250,  117,    0,1965-04-05,ZI000067964
  272,  111,    0,1965-04-06,ZI000067964
  278,  122,    0,1965-04-07,ZI000067964
  272,  111,    0,1965-04-08,ZI000067964
  289,  106,    0,1965-04-09,ZI000067964
  300,  133,    0,1965-04-10,ZI000067964
  300,  144,    0,1965-04-11,ZI000067964
  306,  144,,1965-04-12,ZI000067964
  272,  139,,1965-04-13,ZI000067964
  172,  133,   10,1965-04-14,ZI000067964
  194,  122,    0,1965-04-15,ZI000067964
  228,  128,    0,1965-04-16,ZI000067964
  256,  111,,1965-04-17,ZI000067964
  278,  133,    0,1965-04-18,ZI000067964
  278,  133,    0,1965-04-19,ZI000067964
  278,  133,    0,1965-04-20,ZI000067964
  278,  139,    0,1965-04-21,ZI000067964
  239,  139,    0,1965-04-22,ZI000067964
  244,  111,    0,1965-04-23,ZI000067964
  278,   83,    0,1965-04-24,ZI000067964
  261,  106,    0,1965-04-25,ZI000067964
  261,   78,    0,1965-04-26,ZI000067964
  256,   94,    0,1965-04-27,ZI000067964
  256,  106,    0,1965-04-28,ZI000067964
  256,  100,    0,1965-04-29,ZI000067964
  228,  111,    0,1965-04-30,ZI000067964
  239,   94,    0,1965-05-01,ZI000067964
  250,   94,    0,1965-05-02,ZI000067964
  256,  100,    0,1965-05-03,ZI000067964
  250,  111,    0,1965-05-04,ZI000067964
  261,  117,    0,1965-05-05,ZI000067964
  261,   89,    0,1965-05-06,ZI000067964
  222,  111,    0,1965-05-07,ZI000067964
  228,   94,    0,1965-05-08,ZI000067964
  233,   78,    0,1965-05-09,ZI000067964
  222,   94,    0,1965-05-10,ZI000067964
  222,  111,    0,1965-05-11,ZI000067964
  239,   89,    0,1965-05-12,ZI000067964
  206,   78,    0,1965-05-13,ZI000067964
  200,   94,    0,1965-05-14,ZI000067964
  200,   67,    0,1965-05-15,ZI000067964
  217,   67,    0,1965-05-16,ZI000067964
  211,   78,    0,1965-05-17,ZI000067964
  161,   72,,1965-05-18,ZI000067964
  161,   83,    0,1965-05-19,ZI000067964
  194,   72,    0,1965-05-20,ZI000067964
  194,   67,    0,1965-05-21,ZI000067964
  217,   78,    0,1965-05-22,ZI000067964
  228,   72,    0,1965-05-23,ZI000067964
  233,   56,    0,1965-05-24,ZI000067964
  239,   50,    0,1965-05-25,ZI000067964
  233,   94,    0,1965-05-26,ZI000067964
  250,  106,    0,1965-05-27,ZI000067964
  256,  117,    0,1965-05-28,ZI000067964
  250,  122,    0,1965-05-29,ZI000067964
  256,  122,   51,1965-05-30,ZI000067964
  244,  106,    0,1965-05-31,ZI000067964
  167,   50,    0,1965-06-01,ZI000067964
  167,   39,    0,1965-06-02,ZI000067964
  178,   56,    0,1965-06-03,ZI000067964
  178,   67,,1965-06-04,ZI000067964
  178,   83,    0,1965-06-05,ZI000067964
  178,   67,    0,1965-06-06,ZI000067964
  172,   44,    0,1965-06-07,ZI000067964
  167,   61,,1965-06-08,ZI000067964
  144,   83,,1965-06-09,ZI000067964
  161,   83,,1965-06-10,ZI000067964
  189,   94,    0,1965-06-11,ZI000067964
  200,   72,    0,1965-06-12,ZI000067964
  228,   89,    0,1965-06-13,ZI000067964
  228,   83,    0,1965-06-14,ZI000067964
  239,   83,    0,1965-06-15,ZI000067964
  244,   67,    0,1965-06-16,ZI000067964
  267,   61,    0,1965-06-17,ZI000067964
  217,   83,    0,1965-06-18,ZI000067964
  194,   11,    0,1965-06-19,ZI000067964
  211,   56,    0,1965-06-20,ZI000067964
  211,   56,    0,1965-06-21,ZI000067964
  217,   72,    0,1965-06-22,ZI000067964
  217,   67,    0,1965-06-23,ZI000067964
  217,   11,    0,1965-06-24,ZI000067964
  217,   17,    0,1965-06-25,ZI000067964
  228,   61,    0,1965-06-26,ZI000067964
  239,   61,    0,1965-06-27,ZI000067964
  233,   94,    0,1965-06-28,ZI000067964
  206,   72,    0,1965-06-29,ZI000067964
  189,   61,    0,1965-06-30,ZI000067964
  178,   67,    0,1965-07-01,ZI000067964
  178,   72,    0,1965-07-02,ZI000067964
  183,   61,    0,1965-07-03,ZI000067964
  200,   44,    0,1965-07-04,ZI000067964
  217,   50,    0,1965-07-05,ZI000067964
  222,   28,    0,1965-07-06,ZI000067964
  228,   83,    0,1965-07-07,ZI000067964
  194,   83,    0,1965-07-08,ZI000067964
  200,   50,    0,1965-07-09,ZI000067964
  211,   67,    0,1965-07-10,ZI000067964
  206,   67,    0,1965-07-11,ZI000067964
  211,   56,    0,1965-07-12,ZI000067964
  211,   72,    0,1965-07-13,ZI000067964
  167,   83,    0,1965-07-14,ZI000067964
  189,   67,    0,1965-07-15,ZI000067964
  206,   67,    0,1965-07-16,ZI000067964
  211,   67,    0,1965-07-17,ZI000067964
  217,   61,    0,1965-07-18,ZI000067964
  233,   56,    0,1965-07-19,ZI000067964
  222,   78,    0,1965-07-20,ZI000067964
  228,   94,    0,1965-07-21,ZI000067964
  233,   83,    0,1965-07-22,ZI000067964
  239,   78,    0,1965-07-23,ZI000067964
  239,   89,    0,1965-07-24,ZI000067964
  217,   89,    0,1965-07-25,ZI000067964
  222,   67,    0,1965-07-26,ZI000067964
  228,   83,    0,1965-07-27,ZI000067964
  239,   78,    0,1965-07-28,ZI000067964
  244,   61,    0,1965-07-29,ZI000067964
  250,   94,    0,1965-07-30,ZI000067964
  244,   89,    0,1965-07-31,ZI000067964
  194,   83,    0,1965-08-01,ZI000067964
  194,   72,    0,1965-08-02,ZI000067964
  211,   78,    0,1965-08-03,ZI000067964
  211,   67,    0,1965-08-04,ZI000067964
  233,   61,    0,1965-08-05,ZI000067964
  239,   89,    0,1965-08-06,ZI000067964
  250,  106,    0,1965-08-07,ZI000067964
  239,   83,    0,1965-08-08,ZI000067964
  206,  100,    0,1965-08-09,ZI000067964
  206,   72,    0,1965-08-10,ZI000067964
  217,   67,    0,1965-08-11,ZI000067964
  228,   61,    0,1965-08-12,ZI000067964
  228,   89,    0,1965-08-13,ZI000067964
  244,  106,    0,1965-08-14,ZI000067964
  244,  100,    0,1965-08-15,ZI000067964
  239,   89,    0,1965-08-16,ZI000067964
  239,   89,    0,1965-08-17,ZI000067964
  250,   78,    0,1965-08-18,ZI000067964
  244,   83,    0,1965-08-19,ZI000067964
  250,  106,    0,1965-08-20,ZI000067964
  261,  100,    0,1965-08-21,ZI000067964
  283,  111,    0,1965-08-22,ZI000067964
  289,  111,    0,1965-08-23,ZI000067964
  283,  128,    0,1965-08-24,ZI000067964
  289,  139,    0,1965-08-25,ZI000067964
  289,  117,    0,1965-08-26,ZI000067964
  306,  117,    0,1965-08-27,ZI000067964
  228,  144,    0,1965-08-28,ZI000067964
  211,  122,    0,1965-08-29,ZI000067964
  200,  111,    0,1965-08-30,ZI000067964
  178,  106,    0,1965-08-31,ZI000067964
  183,   67,    0,1965-09-01,ZI000067964
  211,   72,    0,1965-09-02,ZI000067964
  183,  100,,1965-09-03,ZI000067964
  239,   94,    0,1965-09-04,ZI000067964
  272,  100,    0,1965-09-05,ZI000067964
  289,  128,   10,1965-09-06,ZI000067964
  256,  128,    0,1965-09-07,ZI000067964
  256,  111,    0,1965-09-08,ZI000067964
  256,   94,    0,1965-09-09,ZI000067964
  267,   83,    0,1965-09-10,ZI000067964
  267,   89,    0,1965-09-11,ZI000067964
  256,  100,    0,1965-09-12,ZI000067964
  256,  117,    0,1965-09-13,ZI000067964
  267,  111,    0,1965-09-14,ZI000067964
  278,  128,    0,1965-09-15,ZI000067964
  294,  139,    0,1965-09-16,ZI000067964
  317,  161,    0,1965-09-17,ZI000067964
  311,  133,    0,1965-09-18,ZI000067964
  289,  139,    0,1965-09-19,ZI000067964
  272,  144,    0,1965-09-20,ZI000067964
  278,  139,    0,1965-09-21,ZI000067964
  289,  122,    0,1965-09-22,ZI000067964
  306,  144,    0,1965-09-23,ZI000067964
  322,  150,   10,1965-09-24,ZI000067964
  244,  111,  130,1965-09-25,ZI000067964
  117,   67,    0,1965-09-26,ZI000067964
  194,   72,    0,1965-09-27,ZI000067964
  239,   56,    0,1965-09-28,ZI000067964
  261,   83,    0,1965-09-29,ZI000067964
  294,  111,    0,1965-09-30,ZI000067964
  294,  133,    0,1965-10-01,ZI000067964
  317,  128,   79,1965-10-02,ZI000067964
  289,  144,    0,1965-10-03,ZI000067964
  144,  117,,1965-10-04,ZI000067964
  183,   94,    0,1965-10-05,ZI000067964
  239,   89,,1965-10-06,ZI000067964
  283,  111,    0,1965-10-07,ZI000067964
  317,  139,   41,1965-10-08,ZI000067964
  278,  156,    5,1965-10-09,ZI000067964
  261,  156,    0,1965-10-10,ZI000067964
  272,  133,    0,1965-10-11,ZI000067964
  183,  128,,1965-10-12,ZI000067964
  211,  117,    0,1965-10-13,ZI000067964
  239,  100,    0,1965-10-14,ZI000067964
  256,  106,    0,1965-10-15,ZI000067964
  289,  122,    0,1965-10-16,ZI000067964
  322,  117,    0,1965-10-17,ZI000067964
  339,  133,    0,1965-10-18,ZI000067964
  239,  128,,1965-10-19,ZI000067964
  200,   72,    0,1965-10-20,ZI000067964
  211,   72,    0,1965-10-21,ZI000067964
  244,   72,    0,1965-10-22,ZI000067964
  283,  100,    0,1965-10-23,ZI000067964
  300,  122,    0,1965-10-24,ZI000067964
  311,  128,    0,1965-10-25,ZI000067964
  311,  122,    0,1965-10-26,ZI000067964
  328,  150,    0,1965-10-27,ZI000067964
  339,  150,    0,1965-10-28,ZI000067964
  344,  189,    0,1965-10-29,ZI000067964
  344,  178,    0,1965-10-30,ZI000067964
  350,  183,    0,1965-10-31,ZI000067964
  344,  189,   10,1965-11-01,ZI000067964
  333,  200,    0,1965-11-02,ZI000067964
  311,  206,   20,1965-11-03,ZI000067964
  317,  161,    0,1965-11-04,ZI000067964
  322,  189,    0,1965-11-05,ZI000067964
  328,  150,    0,1965-11-06,ZI000067964
  289,  167,   51,1965-11-07,ZI000067964
  250,  150,    0,1965-11-08,ZI000067964
  233,  144,,1965-11-09,ZI000067964
  261,  156,,1965-11-10,ZI000067964
  294,  189,  180,1965-11-11,ZI000067964
  283,  172,    0,1965-11-12,ZI000067964
  217,  172,   20,1965-11-13,ZI000067964
  200,,   71,1965-11-14,ZI000067964
  150,  100,    0,1965-11-15,ZI000067964
  194,  111,    0,1965-11-16,ZI000067964
  283,  122,,1965-11-17,ZI000067964
  300,  144,    0,1965-11-18,ZI000067964
  322,  172,    0,1965-11-19,ZI000067964
  333,  161,,1965-11-20,ZI000067964
  272,  172,,1965-11-21,ZI000067964
  289,  172,   20,1965-11-22,ZI000067964
  261,  161,    5,1965-11-23,ZI000067964
  294,  144,    0,1965-11-24,ZI000067964
  300,  161,    0,1965-11-25,ZI000067964
  300,  144,    0,1965-11-26,ZI000067964
  300,  167,    0,1965-11-27,ZI000067964
  317,  178,    0,1965-11-28,ZI000067964
  256,  189,  231,1965-11-29,ZI000067964
  244,  156,    0,1965-11-30,ZI000067964
  283,  156,    0,1965-12-01,ZI000067964
  294,  156,    0,1965-12-02,ZI000067964
  317,  144,    0,1965-12-03,ZI000067964
  278,  189,    0,1965-12-04,ZI000067964
  306,  167,    0,1965-12-05,ZI000067964
  311,  167,    0,1965-12-06,ZI000067964
  311,  194,    5,1965-12-07,ZI000067964
  322,  167,  511,1965-12-08,ZI000067964
  300,  167,  109,1965-12-09,ZI000067964
  267,  161,    0,1965-12-10,ZI000067964
  256,  156,,1965-12-11,ZI000067964
  300,  156,    0,1965-12-12,ZI000067964
  311,  150,    0,1965-12-13,ZI000067964
  328,  150,    0,1965-12-14,ZI000067964
  333,  172,    0,1965-12-15,ZI000067964
  294,  178,    5,1965-12-16,ZI000067964
  317,  172,    0,1965-12-17,ZI000067964
  328,  189,,1965-12-18,ZI000067964
  294,  167,    0,1965-12-19,ZI000067964
  311,  161,    0,1965-12-20,ZI000067964
  328,  178,    0,1965-12-21,ZI000067964
  328,  172,    0,1965-12-22,ZI000067964
  333,  178,,1965-12-23,ZI000067964
  344,  161,    0,1965-12-24,ZI000067964
  328,  200,    0,1965-12-25,ZI000067964
  333,  189,    0,1965-12-26,ZI000067964
  322,  172,    0,1965-12-27,ZI000067964
  344,  150,,1965-12-28,ZI000067964
  328,  194,   71,1965-12-29,ZI000067964
  267,  156,    0,1965-12-30,ZI000067964
  261,  167,,1965-12-31,ZI000067964
  306,  139,    0,1966-01-01,ZI000067964
  311,  150,    0,1966-01-02,ZI000067964
  322,  156,    0,1966-01-03,ZI000067964
  339,  167,    0,1966-01-04,ZI000067964
  367,  172,    0,1966-01-05,ZI000067964
  356,  194,  150,1966-01-06,ZI000067964
  322,  178,   20,1966-01-07,ZI000067964
  289,  178,    0,1966-01-08,ZI000067964
  283,  178,    3,1966-01-09,ZI000067964
  250,  156,    0,1966-01-10,ZI000067964
  328,  139,    0,1966-01-11,ZI000067964
  322,  161,    0,1966-01-12,ZI000067964
  333,  172,    0,1966-01-13,ZI000067964
  333,  189,    0,1966-01-14,ZI000067964
  306,  194,   41,1966-01-15,ZI000067964
  306,  172,    0,1966-01-16,ZI000067964
  333,  178,    0,1966-01-17,ZI000067964
  317,  194,,1966-01-18,ZI000067964
  233,  183,,1966-01-19,ZI000067964
  294,  172,   79,1966-01-20,ZI000067964
  289,  167,   10,1966-01-21,ZI000067964
  300,  161,    3,1966-01-22,ZI000067964
  289,  167,   61,1966-01-23,ZI000067964
  294,  172,   41,1966-01-24,ZI000067964
  300,  161,    3,1966-01-25,ZI000067964
  283,  178,   71,1966-01-26,ZI000067964
  283,  183,  130,1966-01-27,ZI000067964
  244,  172,  310,1966-01-28,ZI000067964
  233,  167,    5,1966-01-29,ZI000067964
  256,  172,    0,1966-01-30,ZI000067964
  267,  172,,1966-01-31,ZI000067964
  272,  178,  201,1966-02-01,ZI000067964
  283,  178,    0,1966-02-02,ZI000067964
  283,  178,   99,1966-02-03,ZI000067964
  261,  183,   99,1966-02-04,ZI000067964
  278,  172,    0,1966-02-05,ZI000067964
  283,  178,   20,1966-02-06,ZI000067964
  278,  189,  599,1966-02-07,ZI000067964
  256,  167,  119,1966-02-08,ZI000067964
  239,  167,  439,1966-02-09,ZI000067964
  239,  178,  399,1966-02-10,ZI000067964
  228,  178,   99,1966-02-11,ZI000067964
  256,  178,   61,1966-02-12,ZI000067964
  261,  183,  191,1966-02-13,ZI000067964
  261,  172,    5,1966-02-14,ZI000067964
  233,  161,    0,1966-02-15,ZI000067964
  233,  139,   10,1966-02-16,ZI000067964
  261,  167,   99,1966-02-17,ZI000067964
  267,  178,    0,1966-02-18,ZI000067964
  267,  172,,1966-02-19,ZI000067964
  256,  183,   51,1966-02-20,ZI000067964
  267,  167,    0,1966-02-21,ZI000067964
  278,  172,    0,1966-02-22,ZI000067964
  272,  172,    0,1966-02-23,ZI000067964
  289,  167,,1966-02-24,ZI000067964
  228,  178,,1966-02-25,ZI000067964
  239,  161,,1966-02-26,ZI000067964
  283,  161,,1966-02-27,ZI000067964
  250,  161,,1966-02-28,ZI000067964
  222,  150,    0,1966-03-01,ZI000067964
  256,  122,    0,1966-03-02,ZI000067964
  250,  144,   20,1966-03-03,ZI000067964
  228,  167,    5,1966-03-04,ZI000067964
  256,  167,  119,1966-03-05,ZI000067964
  256,  167,    0,1966-03-06,ZI000067964
  261,  161,  109,1966-03-07,ZI000067964
  256,  161,   79,1966-03-08,ZI000067964
  239,  144,    5,1966-03-09,ZI000067964
  206,  150,    0,1966-03-10,ZI000067964
  228,  144,,1966-03-11,ZI000067964
  239,  150,,1966-03-12,ZI000067964
  194,  156,,1966-03-13,ZI000067964
  222,  150,    0,1966-03-14,ZI000067964
  233,  144,    0,1966-03-15,ZI000067964
  250,  117,    0,1966-03-16,ZI000067964
  239,  122,    0,1966-03-17,ZI000067964
  239,  111,    0,1966-03-18,ZI000067964
  261,  122,    0,1966-03-19,ZI000067964
  256,  117,    0,1966-03-20,ZI000067964
  261,  122,    0,1966-03-21,ZI000067964
  267,  139,    0,1966-03-22,ZI000067964
  272,  150,    0,1966-03-23,ZI000067964
  283,  156,    0,1966-03-24,ZI000067964
  289,  150,    0,1966-03-25,ZI000067964
  311,  133,    0,1966-03-26,ZI000067964
  267,  156,    0,1966-03-27,ZI000067964
  278,  128,    0,1966-03-28,ZI000067964
  278,  139,    0,1966-03-29,ZI000067964
  283,  128,    0,1966-03-30,ZI000067964
  222,  156,    0,1966-03-31,ZI000067964
  233,  139,    0,1966-04-01,ZI000067964
  206,  117,    0,1966-04-02,ZI000067964
  211,  122,,1966-04-03,ZI000067964
  244,  111,    0,1966-04-04,ZI000067964
  250,  139,    0,1966-04-05,ZI000067964
  217,  150,,1966-04-06,ZI000067964
  156,  128,   20,1966-04-07,ZI000067964
  189,  111,    5,1966-04-08,ZI000067964
  267,   89,    0,1966-04-09,ZI000067964
  289,  122,    0,1966-04-10,ZI000067964
  300,  122,    0,1966-04-11,ZI000067964
  300,  139,    0,1966-04-12,ZI000067964
  294,  150,    0,1966-04-13,ZI000067964
  300,  139,    0,1966-04-14,ZI000067964
  289,  122,    0,1966-04-15,ZI000067964
  300,  144,    0,1966-04-16,ZI000067964
  311,  111,    0,1966-04-17,ZI000067964
  311,  128,    0,1966-04-18,ZI000067964
  311,  117,    0,1966-04-19,ZI000067964
  206,  133,,1966-04-20,ZI000067964
  150,  117,    0,1966-04-21,ZI000067964
  211,  117,    0,1966-04-22,ZI000067964
  233,  100,    0,1966-04-23,ZI000067964
  250,  100,    0,1966-04-24,ZI000067964
  250,  117,    0,1966-04-25,ZI000067964
  228,   94,    0,1966-04-26,ZI000067964
  228,   78,    0,1966-04-27,ZI000067964
  211,   72,    0,1966-04-28,ZI000067964
  211,  100,    0,1966-04-29,ZI000067964
  222,  111,    0,1966-04-30,ZI000067964
  211,  111,    0,1966-05-01,ZI000067964
  206,  106,    0,1966-05-02,ZI000067964
  211,   94,    0,1966-05-03,ZI000067964
  217,   61,    0,1966-05-04,ZI000067964
  228,   56,    0,1966-05-05,ZI000067964
  228,   72,    0,1966-05-06,ZI000067964
  239,   67,    0,1966-05-07,ZI000067964
  250,   83,    0,1966-05-08,ZI000067964
  256,   94,    0,1966-05-09,ZI000067964
  267,   94,    0,1966-05-10,ZI000067964
  261,  117,   10,1966-05-11,ZI000067964
  239,  139,    0,1966-05-12,ZI000067964
  256,  100,   30,1966-05-13,ZI000067964
  250,   83,    0,1966-05-14,ZI000067964
  256,   94,    0,1966-05-15,ZI000067964
  261,  100,    0,1966-05-16,ZI000067964
  272,  117,    0,1966-05-17,ZI000067964
  244,  122,,1966-05-18,ZI000067964
  267,  117,  170,1966-05-19,ZI000067964
  256,  117,    0,1966-05-20,ZI000067964
  239,   72,    0,1966-05-21,ZI000067964
  239,   50,    0,1966-05-22,ZI000067964
  239,   56,    0,1966-05-23,ZI000067964
  233,   50,    0,1966-05-24,ZI000067964
  233,   33,    0,1966-05-25,ZI000067964
  233,   44,    0,1966-05-26,ZI000067964
  228,   67,    0,1966-05-27,ZI000067964
  222,   72,    0,1966-05-28,ZI000067964
  217,   78,    0,1966-05-29,ZI000067964
  217,   67,    0,1966-05-30,ZI000067964
  206,   72,    0,1966-05-31,ZI000067964
  233,   61,    0,1966-06-01,ZI000067964
  222,   94,    0,1966-06-02,ZI000067964
  200,   94,   20,1966-06-03,ZI000067964
  211,   94,    0,1966-06-04,ZI000067964
  206,   94,,1966-06-05,ZI000067964
  194,  100,    3,1966-06-06,ZI000067964
  217,  100,    0,1966-06-07,ZI000067964
  206,  111,    3,1966-06-08,ZI000067964
  222,   94,    0,1966-06-09,ZI000067964
  239,   89,    0,1966-06-10,ZI000067964
  239,   67,    0,1966-06-11,ZI000067964
  239,   72,    0,1966-06-12,ZI000067964
  233,   78,,1966-06-13,ZI000067964
  206,   83,    0,1966-06-14,ZI000067964
  194,   78,    0,1966-06-15,ZI000067964
  189,   56,    0,1966-06-16,ZI000067964
  167,   78,,1966-06-17,ZI000067964
  172,   61,,1966-06-18,ZI000067964
  172,   83,,1966-06-19,ZI000067964
  206,  100,,1966-06-20,ZI000067964
  194,  111,    0,1966-06-21,ZI000067964
  178,   83,    0,1966-06-22,ZI000067964
  161,   94,,1966-06-23,ZI000067964
  167,   94,,1966-06-24,ZI000067964
  156,   94,,1966-06-25,ZI000067964
  211,  100,    0,1966-06-26,ZI000067964
  217,   78,    0,1966-06-27,ZI000067964
  206,  100,    0,1966-06-28,ZI000067964
  222,  128,    0,1966-06-29,ZI000067964
  244,   67,    0,1966-06-30,ZI000067964
  244,   56,    0,1966-07-01,ZI000067964
  250,   56,    0,1966-07-02,ZI000067964
  211,   72,    0,1966-07-03,ZI000067964
  228,   94,    0,1966-07-04,ZI000067964
  222,   78,    0,1966-07-05,ZI000067964
  217,   83,    0,1966-07-06,ZI000067964
  211,   78,    0,1966-07-07,ZI000067964
  228,   83,    0,1966-07-08,ZI000067964
  217,   89,    0,1966-07-09,ZI000067964
  222,   72,    0,1966-07-10,ZI000067964
  228,   89,    0,1966-07-11,ZI000067964
  222,   94,    0,1966-07-12,ZI000067964
  217,   83,    0,1966-07-13,ZI000067964
  228,   67,    0,1966-07-14,ZI000067964
  217,   56,    0,1966-07-15,ZI000067964
  200,   83,    0,1966-07-16,ZI000067964
  217,   61,    0,1966-07-17,ZI000067964
  233,   78,    0,1966-07-18,ZI000067964
  244,  100,    0,1966-07-19,ZI000067964
  244,  106,    0,1966-07-20,ZI000067964
  228,  100,    0,1966-07-21,ZI000067964
  222,   89,    0,1966-07-22,ZI000067964
  233,   67,    0,1966-07-23,ZI000067964
  261,   61,    0,1966-07-24,ZI000067964
  200,   83,,1966-07-25,ZI000067964
  111,   78,    0,1966-07-26,ZI000067964
  161,   28,    0,1966-07-27,ZI000067964
  228,   11,    0,1966-07-28,ZI000067964
  206,   67,    0,1966-07-29,ZI000067964
  211,   72,    0,1966-07-30,ZI000067964
  233,   67,    0,1966-07-31,ZI000067964
  228,   78,    0,1966-08-01,ZI000067964
  244,   83,    0,1966-08-02,ZI000067964
  250,   83,    0,1966-08-03,ZI000067964
  261,  106,    0,1966-08-04,ZI000067964
  256,  111,    0,1966-08-05,ZI000067964
  261,  100,    0,1966-08-06,ZI000067964
  256,  128,    0,1966-08-07,ZI000067964
  211,  111,    0,1966-08-08,ZI000067964
  228,   89,    0,1966-08-09,ZI000067964
  239,   83,    0,1966-08-10,ZI000067964
  244,   89,    0,1966-08-11,ZI000067964
  250,   83,    0,1966-08-12,ZI000067964
  239,   89,    0,1966-08-13,ZI000067964
  233,   83,    0,1966-08-14,ZI000067964
  233,  106,    0,1966-08-15,ZI000067964
  228,  100,    0,1966-08-16,ZI000067964
  244,  100,    0,1966-08-17,ZI000067964
  261,  117,    0,1966-08-18,ZI000067964
  244,  100,    0,1966-08-19,ZI000067964
  194,,,1966-08-20,ZI000067964
  161,   67,    0,1966-08-21,ZI000067964
  183,   44,    0,1966-08-22,ZI000067964
  217,   33,    0,1966-08-23,ZI000067964
  228,   56,    0,1966-08-24,ZI000067964
  256,   78,    0,1966-08-25,ZI000067964
  267,   94,    0,1966-08-26,ZI000067964
  267,  122,    0,1966-08-27,ZI000067964
  256,  150,    0,1966-08-28,ZI000067964
  289,  100,,1966-08-29,ZI000067964
  289,  133,    0,1966-08-30,ZI000067964
  244,  117,    0,1966-08-31,ZI000067964
  261,  122,    0,1966-09-01,ZI000067964
  267,  100,    0,1966-09-02,ZI000067964
  272,  106,    0,1966-09-03,ZI000067964
  306,  106,    0,1966-09-04,ZI000067964
  261,  106,    0,1966-09-05,ZI000067964
  206,  122,    0,1966-09-06,ZI000067964
  250,  106,    0,1966-09-07,ZI000067964
  244,   83,    0,1966-09-08,ZI000067964
  244,  100,    0,1966-09-09,ZI000067964
  256,   89,    0,1966-09-10,ZI000067964
  289,   83,    0,1966-09-11,ZI000067964
  289,  128,    0,1966-09-12,ZI000067964
  300,  106,    0,1966-09-13,ZI000067964
  311,  117,    0,1966-09-14,ZI000067964
  322,  122,    0,1966-09-15,ZI000067964
  311,  161,,1966-09-16,ZI000067964
  161,  128,  160,1966-09-17,ZI000067964
  161,  117,    0,1966-09-18,ZI000067964
  150,  106,,1966-09-19,ZI000067964
  206,  100,    0,1966-09-20,ZI000067964
  222,   89,    0,1966-09-21,ZI000067964
  267,   89,    0,1966-09-22,ZI000067964
  289,  122,   20,1966-09-23,ZI000067964
  217,  128,   41,1966-09-24,ZI000067964
  289,  117,    0,1966-09-25,ZI000067964
  300,  156,    0,1966-09-26,ZI000067964
  317,  167,    0,1966-09-27,ZI000067964
  322,  178,    0,1966-09-28,ZI000067964
  278,  156,    0,1966-09-29,ZI000067964
  172,  117,,1966-09-30,ZI000067964
  256,  128,    0,1966-10-01,ZI000067964
  294,  128,    0,1966-10-02,ZI000067964
  306,  144,    0,1966-10-03,ZI000067964
  317,  144,    0,1966-10-04,ZI000067964
  322,  167,    0,1966-10-05,ZI000067964
  250,  144,    0,1966-10-06,ZI000067964
  283,  122,    0,1966-10-07,ZI000067964
  289,  122,    0,1966-10-08,ZI000067964
  283,  133,    0,1966-10-09,ZI000067964
  328,  117,    0,1966-10-10,ZI000067964
  344,  178,    0,1966-10-11,ZI000067964
  339,  178,    0,1966-10-12,ZI000067964
  322,  161,,1966-10-13,ZI000067964
  311,  167,,1966-10-14,ZI000067964
,,,1966-10-15,ZI000067964
  261,  139,    0,1966-10-16,ZI000067964
  300,  144,   51,1966-10-17,ZI000067964
  267,  167,    0,1966-10-18,ZI000067964
  194,  122,    0,1966-10-19,ZI000067964
  256,  100,,1966-10-20,ZI000067964
  289,  128,,1966-10-21,ZI000067964
  244,  128,    0,1966-10-22,ZI000067964
  261,  100,    0,1966-10-23,ZI000067964
  272,  111,    0,1966-10-24,ZI000067964
  294,  111,    0,1966-10-25,ZI000067964
  278,  156,    0,1966-10-26,ZI000067964
  317,  128,    0,1966-10-27,ZI000067964
  333,  150,    0,1966-10-28,ZI000067964
  344,  156,    0,1966-10-29,ZI000067964
  344,  172,    0,1966-10-30,ZI000067964
  350,  178,    0,1966-10-31,ZI000067964
  350,  172,    0,1966-11-01,ZI000067964
  350,  183,    0,1966-11-02,ZI000067964
  344,  194,,1966-11-03,ZI000067964
  317,,   30,1966-11-04,ZI000067964
  250,  172,    0,1966-11-05,ZI000067964
  283,  167,,1966-11-06,ZI000067964
  272,  167,    0,1966-11-07,ZI000067964
  272,  167,    3,1966-11-08,ZI000067964
  189,,  259,1966-11-09,ZI000067964
  172,  106,    0,1966-11-10,ZI000067964
  233,  128,    0,1966-11-11,ZI000067964
  261,  122,    0,1966-11-12,ZI000067964
  300,  128,    0,1966-11-13,ZI000067964
  328,  133,    0,1966-11-14,ZI000067964
  306,  183,    0,1966-11-15,ZI000067964
  311,  167,  300,1966-11-16,ZI000067964
  283,  167,   10,1966-11-17,ZI000067964
  300,  156,    0,1966-11-18,ZI000067964
  322,  161,    0,1966-11-19,ZI000067964
  300,  150,  119,1966-11-20,ZI000067964
  289,  144,    0,1966-11-21,ZI000067964
  311,  144,    0,1966-11-22,ZI000067964
  294,  172,    0,1966-11-23,ZI000067964
  289,  150,    0,1966-11-24,ZI000067964
  300,  150,    0,1966-11-25,ZI000067964
  311,  144,    0,1966-11-26,ZI000067964
  322,  178,    0,1966-11-27,ZI000067964
  339,  183,    0,1966-11-28,ZI000067964
  350,  178,    0,1966-11-29,ZI000067964
  300,  167,    0,1966-11-30,ZI000067964
  328,  167,    0,1966-12-01,ZI000067964
  322,  200,    0,1966-12-02,ZI000067964
  317,  189,,1966-12-03,ZI000067964
  311,  183,    0,1966-12-04,ZI000067964
  306,  206,   10,1966-12-05,ZI000067964
  233,  178,    3,1966-12-06,ZI000067964
  294,  178,    5,1966-12-07,ZI000067964
  194,  167,  201,1966-12-08,ZI000067964
  189,  167,  130,1966-12-09,ZI000067964
  222,  156,   20,1966-12-10,ZI000067964
  250,  167,    0,1966-12-11,ZI000067964
  278,  161,   30,1966-12-12,ZI000067964
  283,  172,    0,1966-12-13,ZI000067964
  311,  156,    0,1966-12-14,ZI000067964
  256,  183,   10,1966-12-15,ZI000067964
  261,  167,  429,1966-12-16,ZI000067964
  244,  156,   30,1966-12-17,ZI000067964
  228,  156,   41,1966-12-18,ZI000067964
  233,,  620,1966-12-19,ZI000067964
  206,  172,  191,1966-12-20,ZI000067964
  228,  172,   99,1966-12-21,ZI000067964
  272,  178,    0,1966-12-22,ZI000067964
  278,  172,   10,1966-12-23,ZI000067964
  294,  156,    0,1966-12-24,ZI000067964
  294,  167,    0,1966-12-25,ZI000067964
  300,  150,    0,1966-12-26,ZI000067964
  272,  183,    0,1966-12-27,ZI000067964
  272,  150,    0,1966-12-28,ZI000067964
  278,  139,    0,1966-12-29,ZI000067964
  289,  144,    0,1966-12-30,ZI000067964
  306,  150,    0,1966-12-31,ZI000067964
  289,  172,   20,1967-01-01,ZI000067964
  283,  167,   79,1967-01-02,ZI000067964
  217,  161,    0,1967-01-03,ZI000067964
  272,  156,    0,1967-01-04,ZI000067964
  283,  144,    0,1967-01-05,ZI000067964
  289,  156,    0,1967-01-06,ZI000067964
  306,  150,    0,1967-01-07,ZI000067964
  311,  178,   71,1967-01-08,ZI000067964
  283,  178,    3,1967-01-09,ZI000067964
  250,  172,    0,1967-01-10,ZI000067964
  283,  172,  160,1967-01-11,ZI000067964
  278,  167,   10,1967-01-12,ZI000067964
  294,  172,    0,1967-01-13,ZI000067964
  272,  178,,1967-01-14,ZI000067964
  256,  178,   79,1967-01-15,ZI000067964
  283,  167,    0,1967-01-16,ZI000067964
  267,  156,    0,1967-01-17,ZI000067964
  283,  161,,1967-01-18,ZI000067964
  278,  178,   20,1967-01-19,ZI000067964
  283,  178,    0,1967-01-20,ZI000067964
  261,  183,    0,1967-01-21,ZI000067964
  256,  189,   99,1967-01-22,ZI000067964
  272,  172,  371,1967-01-23,ZI000067964
  267,  178,    0,1967-01-24,ZI000067964
  267,  189,   41,1967-01-25,ZI000067964
  244,  172,    5,1967-01-26,ZI000067964
  200,  167,    3,1967-01-27,ZI000067964
  239,  167,   10,1967-01-28,ZI000067964
  244,  178,  119,1967-01-29,ZI000067964
  272,  161,    3,1967-01-30,ZI000067964
  289,  156,    0,1967-01-31,ZI000067964
  283,  167,  119,1967-02-01,ZI000067964
  272,  161,    0,1967-02-02,ZI000067964
  261,  172,    5,1967-02-03,ZI000067964
  283,  172,   30,1967-02-04,ZI000067964
  250,  167,  279,1967-02-05,ZI000067964
  278,  167,    0,1967-02-06,ZI000067964
  278,  172,    5,1967-02-07,ZI000067964
  289,  172,    0,1967-02-08,ZI000067964
  283,  172,   30,1967-02-09,ZI000067964
  289,  172,   20,1967-02-10,ZI000067964
  250,  167,    0,1967-02-11,ZI000067964
  250,  172,    0,1967-02-12,ZI000067964
  272,  161,    0,1967-02-13,ZI000067964
  267,  167,   30,1967-02-14,ZI000067964
  267,  156,    0,1967-02-15,ZI000067964
  272,  161,  460,1967-02-16,ZI000067964
  261,  167,    0,1967-02-17,ZI000067964
  267,  172,,1967-02-18,ZI000067964
  239,,   79,1967-02-19,ZI000067964
  183,  128,    0,1967-02-20,ZI000067964
  228,  133,    0,1967-02-21,ZI000067964
  250,  106,    0,1967-02-22,ZI000067964
  244,  122,   10,1967-02-23,ZI000067964
  189,  128,   99,1967-02-24,ZI000067964
  233,  133,  201,1967-02-25,ZI000067964
  228,  167,    0,1967-02-26,ZI000067964
  244,  167,    0,1967-02-27,ZI000067964
  256,  139,    0,1967-02-28,ZI000067964
  261,  144,    0,1967-03-01,ZI000067964
  272,  133,    0,1967-03-02,ZI000067964
  250,  156,    3,1967-03-03,ZI000067964
  217,  150,    0,1967-03-04,ZI000067964
  233,  128,    0,1967-03-05,ZI000067964
  228,  106,    0,1967-03-06,ZI000067964
  244,  111,    0,1967-03-07,ZI000067964
  267,  117,    0,1967-03-08,ZI000067964
  278,  128,    0,1967-03-09,ZI000067964
  289,  128,   10,1967-03-10,ZI000067964
  283,  144,    0,1967-03-11,ZI000067964
  289,  150,    0,1967-03-12,ZI000067964
  278,  161,,1967-03-13,ZI000067964
  239,  167,   10,1967-03-14,ZI000067964
  206,  161,    0,1967-03-15,ZI000067964
  200,  139,,1967-03-16,ZI000067964
  244,  133,    0,1967-03-17,ZI000067964
  289,  117,    0,1967-03-18,ZI000067964
  306,  133,    0,1967-03-19,ZI000067964
  239,  156,   10,1967-03-20,ZI000067964
  261,  150,    0,1967-03-21,ZI000067964
  267,  161,,1967-03-22,ZI000067964
  267,  172,,1967-03-23,ZI000067964
  239,  161,    3,1967-03-24,ZI000067964
  267,  156,    0,1967-03-25,ZI000067964
  278,  156,    5,1967-03-26,ZI000067964
  272,  167,    0,1967-03-27,ZI000067964
  283,  156,    0,1967-03-28,ZI000067964
  272,  167,    0,1967-03-29,ZI000067964
  294,  122,    0,1967-03-30,ZI000067964
  300,  144,    0,1967-03-31,ZI000067964
  306,  139,    3,1967-04-01,ZI000067964
  261,  172,    0,1967-04-02,ZI000067964
  250,  161,,1967-04-03,ZI000067964
  244,  144,    0,1967-04-04,ZI000067964
  267,  122,    0,1967-04-05,ZI000067964
  261,  133,    0,1967-04-06,ZI000067964
  283,  128,    0,1967-04-07,ZI000067964
  283,  128,    0,1967-04-08,ZI000067964
  289,  133,    0,1967-04-09,ZI000067964
  267,  161,,1967-04-10,ZI000067964
  256,  156,    0,1967-04-11,ZI000067964
  278,  139,,1967-04-12,ZI000067964
  289,  144,    0,1967-04-13,ZI000067964
  289,  144,,1967-04-14,ZI000067964
  278,  156,,1967-04-15,ZI000067964
  278,  144,    0,1967-04-16,ZI000067964
  267,  139,    0,1967-04-17,ZI000067964
  256,  156,    0,1967-04-18,ZI000067964
  272,  150,    0,1967-04-19,ZI000067964
  283,  133,    0,1967-04-20,ZI000067964
  267,  156,    0,1967-04-21,ZI000067964
  244,  150,,1967-04-22,ZI000067964
  178,  128,    0,1967-04-23,ZI000067964
  239,  100,    0,1967-04-24,ZI000067964
  272,   94,    0,1967-04-25,ZI000067964
  272,  117,    0,1967-04-26,ZI000067964
  272,  139,    0,1967-04-27,ZI000067964
  278,  172,   89,1967-04-28,ZI000067964
  239,  161,   99,1967-04-29,ZI000067964
  256,  139,    0,1967-04-30,ZI000067964
  244,  122,   10,1967-05-01,ZI000067964
  233,  150,   10,1967-05-02,ZI000067964
  261,  144,    0,1967-05-03,ZI000067964
  256,  139,    0,1967-05-04,ZI000067964
  256,  133,    0,1967-05-05,ZI000067964
  244,  117,    0,1967-05-06,ZI000067964
  239,  111,    0,1967-05-07,ZI000067964
  206,  100,    0,1967-05-08,ZI000067964
  217,  111,    0,1967-05-09,ZI000067964
  211,  111,    0,1967-05-10,ZI000067964
  228,   83,    0,1967-05-11,ZI000067964
  239,   94,    0,1967-05-12,ZI000067964
  250,  106,    0,1967-05-13,ZI000067964
  272,  117,,1967-05-14,ZI000067964
  256,  117,    0,1967-05-15,ZI000067964
  233,  122,    0,1967-05-16,ZI000067964
  206,   94,    0,1967-05-17,ZI000067964
  206,   89,    0,1967-05-18,ZI000067964
  200,   67,    0,1967-05-19,ZI000067964
  233,   61,    0,1967-05-20,ZI000067964
  244,   56,    0,1967-05-21,ZI000067964
  239,  100,    0,1967-05-22,ZI000067964
  206,  111,    0,1967-05-23,ZI000067964
  211,   94,    0,1967-05-24,ZI000067964
  233,   78,    0,1967-05-25,ZI000067964
  233,   94,    0,1967-05-26,ZI000067964
  244,   72,    0,1967-05-27,ZI000067964
  256,   83,    0,1967-05-28,ZI000067964
  217,  122,    0,1967-05-29,ZI000067964
  250,  100,    0,1967-05-30,ZI000067964
  256,   78,    0,1967-05-31,ZI000067964
  244,   94,    0,1967-06-01,ZI000067964
  217,   50,    0,1967-06-02,ZI000067964
  222,   56,    0,1967-06-03,ZI000067964
  244,   72,    0,1967-06-04,ZI000067964
  244,   72,    0,1967-06-05,ZI000067964
  217,   72,    0,1967-06-06,ZI000067964
  217,   50,    0,1967-06-07,ZI000067964
  256,   67,    0,1967-06-08,ZI000067964
  256,   89,    0,1967-06-09,ZI000067964
  256,   61,    0,1967-06-10,ZI000067964
  256,   61,    0,1967-06-11,ZI000067964
  233,   78,    0,1967-06-12,ZI000067964
  228,   78,    0,1967-06-13,ZI000067964
  150,   83,   71,1967-06-14,ZI000067964
  150,   94,    0,1967-06-15,ZI000067964
  200,   56,    0,1967-06-16,ZI000067964
  206,   67,    0,1967-06-17,ZI000067964
  222,   67,    0,1967-06-18,ZI000067964
  228,   72,    0,1967-06-19,ZI000067964
  228,   83,    0,1967-06-20,ZI000067964
  200,  117,    0,1967-06-21,ZI000067964
  211,   94,    0,1967-06-22,ZI000067964
  217,   72,    0,1967-06-23,ZI000067964
  217,   89,    0,1967-06-24,ZI000067964
  172,   89,   10,1967-06-25,ZI000067964
  156,  106,    3,1967-06-26,ZI000067964
  183,  106,    0,1967-06-27,ZI000067964
  200,  117,    0,1967-06-28,ZI000067964
  206,  122,    0,1967-06-29,ZI000067964
  217,   72,    0,1967-06-30,ZI000067964
  189,   72,    0,1967-07-01,ZI000067964
  183,   83,    0,1967-07-02,ZI000067964
  178,  100,    0,1967-07-03,ZI000067964
  194,   83,    0,1967-07-04,ZI000067964
  161,  106,    0,1967-07-05,ZI000067964
  178,   72,    0,1967-07-06,ZI000067964
  183,   72,    0,1967-07-07,ZI000067964
  200,   83,,1967-07-08,ZI000067964
  144,   72,,1967-07-09,ZI000067964
  133,   56,,1967-07-10,ZI000067964
  144,   44,    0,1967-07-11,ZI000067964
  178,   44,    0,1967-07-12,ZI000067964
  206,   33,    0,1967-07-13,ZI000067964
  206,   61,,1967-07-14,ZI000067964
  111,,,1967-07-15,ZI000067964
  167,   28,    0,1967-07-16,ZI000067964
  183,   28,    0,1967-07-17,ZI000067964
  189,   22,    0,1967-07-18,ZI000067964
  200,   28,    0,1967-07-19,ZI000067964
  239,   39,    0,1967-07-20,ZI000067964
  228,   44,    0,1967-07-21,ZI000067964
  172,   83,    0,1967-07-22,ZI000067964
  206,   44,    0,1967-07-23,ZI000067964
  228,   39,    0,1967-07-24,ZI000067964
  228,   50,    0,1967-07-25,ZI000067964
  189,   94,    0,1967-07-26,ZI000067964
  183,   61,    0,1967-07-27,ZI000067964
  206,   61,    0,1967-07-28,ZI000067964
  228,   61,    0,1967-07-29,ZI000067964
  244,   78,    0,1967-07-30,ZI000067964
  250,   72,    0,1967-07-31,ZI000067964
  250,  100,    0,1967-08-01,ZI000067964
  228,  100,    0,1967-08-02,ZI000067964
  217,  100,    0,1967-08-03,ZI000067964
  206,   83,    0,1967-08-04,ZI000067964
  217,   72,    0,1967-08-05,ZI000067964
  233,   72,    0,1967-08-06,ZI000067964
  194,   72,,1967-08-07,ZI000067964
  172,   89,    0,1967-08-08,ZI000067964
  228,  100,    0,1967-08-09,ZI000067964
  239,   89,    0,1967-08-10,ZI000067964
  200,   89,    0,1967-08-11,ZI000067964
  233,   67,    0,1967-08-12,ZI000067964
  250,   94,    0,1967-08-13,ZI000067964
  256,  111,    0,1967-08-14,ZI000067964
  256,  128,    0,1967-08-15,ZI000067964
  256,  100,    0,1967-08-16,ZI000067964
  272,   78,    0,1967-08-17,ZI000067964
  250,  106,    0,1967-08-18,ZI000067964
  178,,    0,1967-08-19,ZI000067964
  156,   83,    0,1967-08-20,ZI000067964
  183,   50,    0,1967-08-21,ZI000067964
  194,   33,    0,1967-08-22,ZI000067964
  200,   39,    0,1967-08-23,ZI000067964
  206,   56,,1967-08-24,ZI000067964
  178,  106,,1967-08-25,ZI000067964
  211,  106,,1967-08-26,ZI000067964
  233,  100,    0,1967-08-27,ZI000067964
  256,   94,,1967-08-28,ZI000067964
  244,  128,    0,1967-08-29,ZI000067964
  233,  106,   10,1967-08-30,ZI000067964
  244,  106,    0,1967-08-31,ZI000067964
  272,  139,,1967-09-01,ZI000067964
  267,  133,,1967-09-02,ZI000067964
  278,  139,,1967-09-03,ZI000067964
  300,  122,    0,1967-09-04,ZI000067964
  283,  133,    0,1967-09-05,ZI000067964
  194,,,1967-09-06,ZI000067964
  206,  111,    0,1967-09-07,ZI000067964
  233,   83,    0,1967-09-08,ZI000067964
  233,   94,    0,1967-09-09,ZI000067964
  211,   89,    0,1967-09-10,ZI000067964
  222,   72,    0,1967-09-11,ZI000067964
  233,   94,    0,1967-09-12,ZI000067964
  239,   94,    0,1967-09-13,ZI000067964
  256,  111,,1967-09-14,ZI000067964
  239,  139,    0,1967-09-15,ZI000067964
  267,  100,    0,1967-09-16,ZI000067964
  278,  106,    0,1967-09-17,ZI000067964
  289,   94,    0,1967-09-18,ZI000067964
  283,  117,    0,1967-09-19,ZI000067964
  289,  122,    0,1967-09-20,ZI000067964
  244,  111,    0,1967-09-21,ZI000067964
  294,  106,    0,1967-09-22,ZI000067964
  189,,    0,1967-09-23,ZI000067964
  272,   67,    0,1967-09-24,ZI000067964
  300,   72,    0,1967-09-25,ZI000067964
  311,  139,    0,1967-09-26,ZI000067964
  322,  150,    0,1967-09-27,ZI000067964
  328,  139,    0,1967-09-28,ZI000067964
  333,  139,    0,1967-09-29,ZI000067964
  333,  161,    0,1967-09-30,ZI000067964
  333,  150,    0,1967-10-01,ZI000067964
  350,  178,    0,1967-10-02,ZI000067964
  294,  156,    0,1967-10-03,ZI000067964
  333,  167,    0,1967-10-04,ZI000067964
  339,  200,,1967-10-05,ZI000067964
  311,  167,,1967-10-06,ZI000067964
  267,  144,,1967-10-07,ZI000067964
  306,  161,    0,1967-10-08,ZI000067964
  306,  139,    0,1967-10-09,ZI000067964
  311,  133,    0,1967-10-10,ZI000067964
  300,  150,    0,1967-10-11,ZI000067964
  317,  167,    3,1967-10-12,ZI000067964
  283,,   61,1967-10-13,ZI000067964
  283,  139,    0,1967-10-14,ZI000067964
  317,  144,    0,1967-10-15,ZI000067964
  306,  161,    0,1967-10-16,ZI000067964
  289,  139,    0,1967-10-17,ZI000067964
  311,  133,    0,1967-10-18,ZI000067964
  322,  144,    0,1967-10-19,ZI000067964
  317,  150,    0,1967-10-20,ZI000067964
  322,  161,    0,1967-10-21,ZI000067964
  322,  167,,1967-10-22,ZI000067964
  333,  183,    0,1967-10-23,ZI000067964
  350,  161,    0,1967-10-24,ZI000067964
  306,  194,,1967-10-25,ZI000067964
  317,  167,  279,1967-10-26,ZI000067964
  183,  150,   30,1967-10-27,ZI000067964
  222,  156,   20,1967-10-28,ZI000067964
  183,  133,   79,1967-10-29,ZI000067964
  172,  128,   20,1967-10-30,ZI000067964
  172,  122,   61,1967-10-31,ZI000067964
  178,  133,   71,1967-11-01,ZI000067964
  250,  139,    0,1967-11-02,ZI000067964
  261,  150,    0,1967-11-03,ZI000067964
  267,  128,    0,1967-11-04,ZI000067964
  294,  122,    0,1967-11-05,ZI000067964
  311,  128,    0,1967-11-06,ZI000067964
  328,  156,    0,1967-11-07,ZI000067964
  317,  178,    0,1967-11-08,ZI000067964
  322,  194,    0,1967-11-09,ZI000067964
  306,  167,   41,1967-11-10,ZI000067964
  278,  167,   41,1967-11-11,ZI000067964
  317,  178,    0,1967-11-12,ZI000067964
  289,  183,    0,1967-11-13,ZI000067964
  278,  156,    0,1967-11-14,ZI000067964
  306,  144,    0,1967-11-15,ZI000067964
  333,  172,    0,1967-11-16,ZI000067964
  339,  161,    0,1967-11-17,ZI000067964
  306,  189,  399,1967-11-18,ZI000067964
  150,,    5,1967-11-19,ZI000067964
  150,  106,    0,1967-11-20,ZI000067964
  256,  117,    0,1967-11-21,ZI000067964
  261,  144,    0,1967-11-22,ZI000067964
  278,  128,    0,1967-11-23,ZI000067964
  306,  139,,1967-11-24,ZI000067964
  283,  183,    0,1967-11-25,ZI000067964
  250,  167,,1967-11-26,ZI000067964
  278,  161,   41,1967-11-27,ZI000067964
  267,  167,    5,1967-11-28,ZI000067964
  289,  161,    0,1967-11-29,ZI000067964
  283,  167,   51,1967-11-30,ZI000067964
  300,  144,   10,1967-12-01,ZI000067964
  233,  172,   30,1967-12-02,ZI000067964
  178,  161,    0,1967-12-03,ZI000067964
  267,  144,    3,1967-12-04,ZI000067964
  244,  167,    0,1967-12-05,ZI000067964
  244,  156,    0,1967-12-06,ZI000067964
  278,  128,    0,1967-12-07,ZI000067964
  278,  150,    0,1967-12-08,ZI000067964
  300,  133,    0,1967-12-09,ZI000067964
  328,  144,    0,1967-12-10,ZI000067964
  344,,   41,1967-12-11,ZI000067964
  189,  122,    0,1967-12-12,ZI000067964
  267,  128,    0,1967-12-13,ZI000067964
  283,  122,    0,1967-12-14,ZI000067964
  294,  128,    0,1967-12-15,ZI000067964
  300,  150,    0,1967-12-16,ZI000067964
  306,  150,    0,1967-12-17,ZI000067964
  317,  172,    0,1967-12-18,ZI000067964
  311,  172,    0,1967-12-19,ZI000067964
  294,  144,    0,1967-12-20,ZI000067964
  294,  161,,1967-12-21,ZI000067964
  300,  194,    5,1967-12-22,ZI000067964
  239,  189,   41,1967-12-23,ZI000067964
  267,  178,  150,1967-12-24,ZI000067964
  283,  167,   79,1967-12-25,ZI000067964
  250,  178,   30,1967-12-26,ZI000067964
  256,  167,    0,1967-12-27,ZI000067964
  272,  122,    0,1967-12-28,ZI000067964
  300,  128,    0,1967-12-29,ZI000067964
  311,  133,    0,1967-12-30,ZI000067964
  311,  150,    0,1967-12-31,ZI000067964
  306,  156,    0,1968-01-01,ZI000067964
  311,  156,    0,1968-01-02,ZI000067964
  328,  172,    0,1968-01-03,ZI000067964
  344,  150,    0,1968-01-04,ZI000067964
  344,  200,   51,1968-01-05,ZI000067964
  328,  172,    0,1968-01-06,ZI000067964
  317,  161,   10,1968-01-07,ZI000067964
  300,  189,    0,1968-01-08,ZI000067964
  294,  178,,1968-01-09,ZI000067964
  317,  161,    0,1968-01-10,ZI000067964
  300,  189,,1968-01-11,ZI000067964
  339,  161,,1968-01-12,ZI000067964
  278,  206,    0,1968-01-13,ZI000067964
  289,  183,,1968-01-14,ZI000067964
  317,  172,    0,1968-01-15,ZI000067964
  328,  167,    0,1968-01-16,ZI000067964
  328,  183,  279,1968-01-17,ZI000067964
  267,  167,   20,1968-01-18,ZI000067964
  317,  167,    0,1968-01-19,ZI000067964
  311,  189,   10,1968-01-20,ZI000067964
  261,  172,    0,1968-01-21,ZI000067964
  289,  178,    0,1968-01-22,ZI000067964
  306,  156,,1968-01-23,ZI000067964
  283,  167,    0,1968-01-24,ZI000067964
  272,  156,    0,1968-01-25,ZI000067964
  317,  139,    0,1968-01-26,ZI000067964
  333,  150,    0,1968-01-27,ZI000067964
  322,  206,,1968-01-28,ZI000067964
  322,  183,    0,1968-01-29,ZI000067964
  328,  167,    0,1968-01-30,ZI000067964
  328,  150,    0,1968-01-31,ZI000067964
  339,  150,  170,1968-02-01,ZI000067964
  244,  167,   20,1968-02-02,ZI000067964
  272,  139,    0,1968-02-03,ZI000067964
  267,  139,    0,1968-02-04,ZI000067964
  272,  150,    0,1968-02-05,ZI000067964
  289,  161,,1968-02-06,ZI000067964
  311,  161,    0,1968-02-07,ZI000067964
  294,  178,   20,1968-02-08,ZI000067964
  289,  156,   20,1968-02-09,ZI000067964
  289,  178,    3,1968-02-10,ZI000067964
  289,  178,    0,1968-02-11,ZI000067964
  311,  167,,1968-02-12,ZI000067964
  289,  189,  119,1968-02-13,ZI000067964
  206,  178,  231,1968-02-14,ZI000067964
  250,  172,  429,1968-02-15,ZI000067964
  239,  178,  119,1968-02-16,ZI000067964
  289,  172,    0,1968-02-17,ZI000067964
  244,  161,    0,1968-02-18,ZI000067964
  250,  133,    0,1968-02-19,ZI000067964
  283,  122,    0,1968-02-20,ZI000067964
  300,  133,    0,1968-02-21,ZI000067964
  261,  167,,1968-02-22,ZI000067964
  250,  144,    0,1968-02-23,ZI000067964
  278,  139,    0,1968-02-24,ZI000067964
  300,  156,    0,1968-02-25,ZI000067964
  289,  161,    0,1968-02-26,ZI000067964
  300,  150,    0,1968-02-27,ZI000067964
  294,  150,    0,1968-02-28,ZI000067964
  289,  161,    0,1968-02-29,ZI000067964
  306,  161,    0,1968-03-01,ZI000067964
  300,  150,    0,1968-03-02,ZI000067964
  289,  172,    0,1968-03-03,ZI000067964
  294,  156,    0,1968-03-04,ZI000067964
  306,  167,    0,1968-03-05,ZI000067964
  317,  172,   61,1968-03-06,ZI000067964
  311,  178,    0,1968-03-07,ZI000067964
  289,  172,    0,1968-03-08,ZI000067964
  278,  178,   30,1968-03-09,ZI000067964
  222,  156,    0,1968-03-10,ZI000067964
  261,  133,    0,1968-03-11,ZI000067964
  289,  156,   10,1968-03-12,ZI000067964
  306,  189,    0,1968-03-13,ZI000067964
  244,  172,,1968-03-14,ZI000067964
  256,  144,    0,1968-03-15,ZI000067964
  289,  128,    0,1968-03-16,ZI000067964
  306,  128,    0,1968-03-17,ZI000067964
  289,  133,    0,1968-03-18,ZI000067964
  272,  167,    0,1968-03-19,ZI000067964
  267,  150,    0,1968-03-20,ZI000067964
  283,  144,    0,1968-03-21,ZI000067964
  278,  139,    0,1968-03-22,ZI000067964
  294,  139,    0,1968-03-23,ZI000067964
  294,  167,    0,1968-03-24,ZI000067964
  300,  139,,1968-03-25,ZI000067964
  194,  139,    5,1968-03-26,ZI000067964
  206,  128,    0,1968-03-27,ZI000067964
  217,  106,    0,1968-03-28,ZI000067964
  239,  106,    0,1968-03-29,ZI000067964
  256,  106,    0,1968-03-30,ZI000067964
  267,  128,    0,1968-03-31,ZI000067964
  272,  111,    0,1968-04-01,ZI000067964
  289,  100,    0,1968-04-02,ZI000067964
  294,  128,    0,1968-04-03,ZI000067964
  328,  139,    0,1968-04-04,ZI000067964
  300,  172,,1968-04-05,ZI000067964
  244,  144,    0,1968-04-06,ZI000067964
  289,  111,    0,1968-04-07,ZI000067964
  250,  156,    3,1968-04-08,ZI000067964
  294,  150,   30,1968-04-09,ZI000067964
  294,  111,    0,1968-04-10,ZI000067964
  317,  122,    0,1968-04-11,ZI000067964
  300,  156,    0,1968-04-12,ZI000067964
  300,  144,,1968-04-13,ZI000067964
  267,  161,  109,1968-04-14,ZI000067964
  189,  139,    0,1968-04-15,ZI000067964
  228,  133,   20,1968-04-16,ZI000067964
  172,  128,  300,1968-04-17,ZI000067964
  167,  128,  221,1968-04-18,ZI000067964
  217,  133,    0,1968-04-19,ZI000067964
  233,  111,    0,1968-04-20,ZI000067964
  261,  100,    0,1968-04-21,ZI000067964
  250,  133,    0,1968-04-22,ZI000067964
  261,  100,    0,1968-04-23,ZI000067964
  267,  111,,1968-04-24,ZI000067964
  178,  117,,1968-04-25,ZI000067964
  256,   94,    0,1968-04-26,ZI000067964
  239,  106,    0,1968-04-27,ZI000067964
  272,  100,    0,1968-04-28,ZI000067964
  256,  111,    0,1968-04-29,ZI000067964
  278,  106,    0,1968-04-30,ZI000067964
  283,  128,    0,1968-05-01,ZI000067964
  294,  111,    0,1968-05-02,ZI000067964
  289,  122,    0,1968-05-03,ZI000067964
  283,  144,    0,1968-05-04,ZI000067964
  272,   94,    0,1968-05-05,ZI000067964
  283,   89,    0,1968-05-06,ZI000067964
  261,  128,    0,1968-05-07,ZI000067964
  272,   89,    0,1968-05-08,ZI000067964
  261,  117,    0,1968-05-09,ZI000067964
  278,  100,    0,1968-05-10,ZI000067964
  283,  111,    0,1968-05-11,ZI000067964
  278,  111,,1968-05-12,ZI000067964
  211,  150,   30,1968-05-13,ZI000067964
  156,  117,    0,1968-05-14,ZI000067964
  233,  117,    0,1968-05-15,ZI000067964
  256,  100,    0,1968-05-16,ZI000067964
  267,   78,    0,1968-05-17,ZI000067964
  272,  100,    0,1968-05-18,ZI000067964
  156,  122,,1968-05-19,ZI000067964
  206,   83,    0,1968-05-20,ZI000067964
  228,   89,    0,1968-05-21,ZI000067964
  233,   83,    0,1968-05-22,ZI000067964
  222,  100,    0,1968-05-23,ZI000067964
  200,  100,    0,1968-05-24,ZI000067964
  189,  100,  140,1968-05-25,ZI000067964
  150,  100,    0,1968-05-26,ZI000067964
  189,   83,    0,1968-05-27,ZI000067964
  200,   78,    0,1968-05-28,ZI000067964
  200,   83,    0,1968-05-29,ZI000067964
  194,   67,    0,1968-05-30,ZI000067964
  217,   44,    0,1968-05-31,ZI000067964
  239,   39,    0,1968-06-01,ZI000067964
  228,   56,,1968-06-02,ZI000067964
  128,   22,,1968-06-03,ZI000067964
  100,   39,,1968-06-04,ZI000067964
  183,   28,    0,1968-06-05,ZI000067964
  206,   44,    0,1968-06-06,ZI000067964
  228,   67,    0,1968-06-07,ZI000067964
  250,   83,    0,1968-06-08,ZI000067964
  256,   61,    0,1968-06-09,ZI000067964
  256,   83,    0,1968-06-10,ZI000067964
  261,   72,    0,1968-06-11,ZI000067964
  194,,    0,1968-06-12,ZI000067964
  161,  -39,    0,1968-06-13,ZI000067964
  150,  -28,    0,1968-06-14,ZI000067964
  172,  -11,    0,1968-06-15,ZI000067964
  211,   28,    0,1968-06-16,ZI000067964
  222,   -6,    0,1968-06-17,ZI000067964
  222,   33,    0,1968-06-18,ZI000067964
  194,    6,    0,1968-06-19,ZI000067964
  206,   56,    0,1968-06-20,ZI000067964
  200,   61,    0,1968-06-21,ZI000067964
  178,   39,    0,1968-06-22,ZI000067964
  189,   44,    0,1968-06-23,ZI000067964
  200,   56,    0,1968-06-24,ZI000067964
  211,   61,    0,1968-06-25,ZI000067964
  206,   61,    0,1968-06-26,ZI000067964
  167,  100,    0,1968-06-27,ZI000067964
  139,   83,,1968-06-28,ZI000067964
  144,   72,    0,1968-06-29,ZI000067964
  161,   50,    0,1968-06-30,ZI000067964
