PRCP,DATE,STATION
    0,1963-09-01,BR047031140
    0,1963-09-02,BR047031140
    0,1963-09-03,BR047031140
    0,1963-09-04,BR047031140
    0,1963-09-05,BR047031140
    0,1963-09-06,BR047031140
    0,1963-09-07,BR047031140
    0,1963-09-08,BR047031140
    0,1963-09-09,BR047031140
    0,1963-09-10,BR047031140
    0,1963-09-11,BR047031140
    0,1963-09-12,BR047031140
    0,1963-09-13,BR047031140
    0,1963-09-14,BR047031140
    0,1963-09-15,BR047031140
    0,1963-09-16,BR047031140
    0,1963-09-17,BR047031140
    0,1963-09-18,BR047031140
    0,1963-09-19,BR047031140
    0,1963-09-20,BR047031140
    0,1963-09-21,BR047031140
    0,1963-09-22,BR047031140
    0,1963-09-23,BR047031140
    0,1963-09-24,BR047031140
    0,1963-09-25,BR047031140
    0,1963-09-26,BR047031140
    0,1963-09-27,BR047031140
    0,1963-09-28,BR047031140
    0,1963-09-29,BR047031140
    0,1963-09-30,BR047031140
    0,1963-10-01,BR047031140
    0,1963-10-02,BR047031140
    0,1963-10-03,BR047031140
    0,1963-10-04,BR047031140
    0,1963-10-05,BR047031140
    0,1963-10-06,BR047031140
    0,1963-10-07,BR047031140
    0,1963-10-08,BR047031140
    0,1963-10-09,BR047031140
    0,1963-10-10,BR047031140
    0,1963-10-11,BR047031140
    0,1963-10-12,BR047031140
    0,1963-10-13,BR047031140
    0,1963-10-14,BR047031140
    0,1963-10-15,BR047031140
    0,1963-10-16,BR047031140
    0,1963-10-17,BR047031140
    0,1963-10-18,BR047031140
    0,1963-10-19,BR047031140
    0,1963-10-20,BR047031140
    0,1963-10-21,BR047031140
    0,1963-10-22,BR047031140
    0,1963-10-23,BR047031140
    0,1963-10-24,BR047031140
    0,1963-10-25,BR047031140
    0,1963-10-26,BR047031140
    0,1963-10-27,BR047031140
    0,1963-10-28,BR047031140
    0,1963-10-29,BR047031140
    0,1963-10-30,BR047031140
    0,1963-10-31,BR047031140
    0,1963-11-01,BR047031140
    0,1963-11-02,BR047031140
    0,1963-11-03,BR047031140
    0,1963-11-04,BR047031140
    0,1963-11-05,BR047031140
    0,1963-11-06,BR047031140
    0,1963-11-07,BR047031140
    0,1963-11-08,BR047031140
    0,1963-11-09,BR047031140
    0,1963-11-10,BR047031140
  243,1963-11-11,BR047031140
    0,1963-11-12,BR047031140
  112,1963-11-13,BR047031140
   81,1963-11-14,BR047031140
  270,1963-11-15,BR047031140
  100,1963-11-16,BR047031140
   13,1963-11-17,BR047031140
    0,1963-11-18,BR047031140
    0,1963-11-19,BR047031140
    0,1963-11-20,BR047031140
    0,1963-11-21,BR047031140
    0,1963-11-22,BR047031140
    0,1963-11-23,BR047031140
    0,1963-11-24,BR047031140
    0,1963-11-25,BR047031140
    0,1963-11-26,BR047031140
    0,1963-11-27,BR047031140
    0,1963-11-28,BR047031140
    0,1963-11-29,BR047031140
    0,1963-11-30,BR047031140
    0,1963-12-01,BR047031140
    0,1963-12-02,BR047031140
    0,1963-12-03,BR047031140
    0,1963-12-04,BR047031140
    0,1963-12-05,BR047031140
    0,1963-12-06,BR047031140
    0,1963-12-07,BR047031140
    0,1963-12-08,BR047031140
    0,1963-12-09,BR047031140
    0,1963-12-10,BR047031140
    0,1963-12-11,BR047031140
    0,1963-12-12,BR047031140
    0,1963-12-13,BR047031140
  423,1963-12-14,BR047031140
   94,1963-12-15,BR047031140
   73,1963-12-16,BR047031140
  351,1963-12-17,BR047031140
    0,1963-12-18,BR047031140
   15,1963-12-19,BR047031140
   50,1963-12-20,BR047031140
  250,1963-12-21,BR047031140
   43,1963-12-22,BR047031140
  152,1963-12-23,BR047031140
  133,1963-12-24,BR047031140
  323,1963-12-25,BR047031140
   35,1963-12-26,BR047031140
   50,1963-12-27,BR047031140
   30,1963-12-28,BR047031140
    0,1963-12-29,BR047031140
  330,1963-12-30,BR047031140
    0,1963-12-31,BR047031140
    0,1964-01-01,BR047031140
   57,1964-01-02,BR047031140
  102,1964-01-03,BR047031140
    0,1964-01-04,BR047031140
    0,1964-01-05,BR047031140
    0,1964-01-06,BR047031140
    0,1964-01-07,BR047031140
    0,1964-01-08,BR047031140
    0,1964-01-09,BR047031140
    0,1964-01-10,BR047031140
   95,1964-01-11,BR047031140
    0,1964-01-12,BR047031140
   14,1964-01-13,BR047031140
    0,1964-01-14,BR047031140
   50,1964-01-15,BR047031140
  160,1964-01-16,BR047031140
    0,1964-01-17,BR047031140
   63,1964-01-18,BR047031140
  501,1964-01-19,BR047031140
   70,1964-01-20,BR047031140
   47,1964-01-21,BR047031140
  290,1964-01-22,BR047031140
    0,1964-01-23,BR047031140
    0,1964-01-24,BR047031140
    0,1964-01-25,BR047031140
    0,1964-01-26,BR047031140
  460,1964-01-27,BR047031140
    0,1964-01-28,BR047031140
    0,1964-01-29,BR047031140
  819,1964-01-30,BR047031140
   90,1964-01-31,BR047031140
    0,1964-02-01,BR047031140
    0,1964-02-02,BR047031140
    0,1964-02-03,BR047031140
    0,1964-02-04,BR047031140
    0,1964-02-05,BR047031140
    0,1964-02-06,BR047031140
    0,1964-02-07,BR047031140
    0,1964-02-08,BR047031140
  142,1964-02-09,BR047031140
   52,1964-02-10,BR047031140
    0,1964-02-11,BR047031140
  472,1964-02-12,BR047031140
  162,1964-02-13,BR047031140
   60,1964-02-14,BR047031140
    0,1964-02-15,BR047031140
    0,1964-02-16,BR047031140
    0,1964-02-17,BR047031140
    0,1964-02-18,BR047031140
  240,1964-02-19,BR047031140
    0,1964-02-20,BR047031140
    0,1964-02-21,BR047031140
    0,1964-02-22,BR047031140
    0,1964-02-23,BR047031140
  740,1964-02-24,BR047031140
  182,1964-02-25,BR047031140
    0,1964-02-26,BR047031140
    0,1964-02-27,BR047031140
    0,1964-02-28,BR047031140
    0,1964-02-29,BR047031140
    0,1964-03-01,BR047031140
    0,1964-03-02,BR047031140
    0,1964-03-03,BR047031140
    0,1964-03-04,BR047031140
    0,1964-03-05,BR047031140
    0,1964-03-06,BR047031140
  210,1964-03-07,BR047031140
    0,1964-03-08,BR047031140
    0,1964-03-09,BR047031140
    0,1964-03-10,BR047031140
    0,1964-03-11,BR047031140
    0,1964-03-12,BR047031140
    0,1964-03-13,BR047031140
    0,1964-03-14,BR047031140
    0,1964-03-15,BR047031140
   64,1964-03-16,BR047031140
    0,1964-03-17,BR047031140
  124,1964-03-18,BR047031140
   80,1964-03-19,BR047031140
    0,1964-03-20,BR047031140
    0,1964-03-21,BR047031140
    0,1964-03-22,BR047031140
    0,1964-03-23,BR047031140
    0,1964-03-24,BR047031140
    0,1964-03-25,BR047031140
    0,1964-03-26,BR047031140
    0,1964-03-27,BR047031140
  160,1964-03-28,BR047031140
   73,1964-03-29,BR047031140
    0,1964-03-30,BR047031140
    0,1964-03-31,BR047031140
  174,1964-04-01,BR047031140
    0,1964-04-02,BR047031140
    0,1964-04-03,BR047031140
    0,1964-04-04,BR047031140
    0,1964-04-05,BR047031140
    0,1964-04-06,BR047031140
   40,1964-04-07,BR047031140
    0,1964-04-08,BR047031140
    0,1964-04-09,BR047031140
    0,1964-04-10,BR047031140
    0,1964-04-11,BR047031140
    0,1964-04-12,BR047031140
   30,1964-04-13,BR047031140
    0,1964-04-14,BR047031140
    0,1964-04-15,BR047031140
    0,1964-04-16,BR047031140
    0,1964-04-17,BR047031140
    0,1964-04-18,BR047031140
    0,1964-04-19,BR047031140
    0,1964-04-20,BR047031140
    0,1964-04-21,BR047031140
    0,1964-04-22,BR047031140
    0,1964-04-23,BR047031140
    0,1964-04-24,BR047031140
    0,1964-04-25,BR047031140
    0,1964-04-26,BR047031140
    0,1964-04-27,BR047031140
    0,1964-04-28,BR047031140
    0,1964-04-29,BR047031140
    0,1964-04-30,BR047031140
    0,1964-05-01,BR047031140
    0,1964-05-02,BR047031140
    0,1964-05-03,BR047031140
    0,1964-05-04,BR047031140
    0,1964-05-05,BR047031140
    0,1964-05-06,BR047031140
    0,1964-05-07,BR047031140
    0,1964-05-08,BR047031140
   83,1964-05-09,BR047031140
    0,1964-05-10,BR047031140
    0,1964-05-11,BR047031140
    0,1964-05-12,BR047031140
    0,1964-05-13,BR047031140
    0,1964-05-14,BR047031140
    0,1964-05-15,BR047031140
    0,1964-05-16,BR047031140
    0,1964-05-17,BR047031140
    0,1964-05-18,BR047031140
    0,1964-05-19,BR047031140
    0,1964-05-20,BR047031140
    0,1964-05-21,BR047031140
    0,1964-05-22,BR047031140
    0,1964-05-23,BR047031140
    0,1964-05-24,BR047031140
    0,1964-05-25,BR047031140
    0,1964-05-26,BR047031140
    0,1964-05-27,BR047031140
    0,1964-05-28,BR047031140
    0,1964-05-29,BR047031140
    0,1964-05-30,BR047031140
    0,1964-05-31,BR047031140
    0,1964-06-01,BR047031140
    0,1964-06-02,BR047031140
    0,1964-06-03,BR047031140
    0,1964-06-04,BR047031140
    0,1964-06-05,BR047031140
    0,1964-06-06,BR047031140
    0,1964-06-07,BR047031140
    0,1964-06-08,BR047031140
    0,1964-06-09,BR047031140
    0,1964-06-10,BR047031140
    0,1964-06-11,BR047031140
    0,1964-06-12,BR047031140
    0,1964-06-13,BR047031140
    0,1964-06-14,BR047031140
    0,1964-06-15,BR047031140
    0,1964-06-16,BR047031140
    0,1964-06-17,BR047031140
    0,1964-06-18,BR047031140
    0,1964-06-19,BR047031140
    0,1964-06-20,BR047031140
    0,1964-06-21,BR047031140
    0,1964-06-22,BR047031140
    0,1964-06-23,BR047031140
    0,1964-06-24,BR047031140
    0,1964-06-25,BR047031140
    0,1964-06-26,BR047031140
    0,1964-06-27,BR047031140
    0,1964-06-28,BR047031140
    0,1964-06-29,BR047031140
    0,1964-06-30,BR047031140
    0,1964-07-01,BR047031140
    0,1964-07-02,BR047031140
    0,1964-07-03,BR047031140
    0,1964-07-04,BR047031140
    0,1964-07-05,BR047031140
    0,1964-07-06,BR047031140
    0,1964-07-07,BR047031140
    0,1964-07-08,BR047031140
    0,1964-07-09,BR047031140
    0,1964-07-10,BR047031140
    0,1964-07-11,BR047031140
    0,1964-07-12,BR047031140
    0,1964-07-13,BR047031140
    0,1964-07-14,BR047031140
    0,1964-07-15,BR047031140
    0,1964-07-16,BR047031140
    0,1964-07-17,BR047031140
    0,1964-07-18,BR047031140
    0,1964-07-19,BR047031140
    0,1964-07-20,BR047031140
    0,1964-07-21,BR047031140
    0,1964-07-22,BR047031140
    0,1964-07-23,BR047031140
    0,1964-07-24,BR047031140
    0,1964-07-25,BR047031140
    0,1964-07-26,BR047031140
    0,1964-07-27,BR047031140
    0,1964-07-28,BR047031140
    0,1964-07-29,BR047031140
    0,1964-07-30,BR047031140
    0,1964-07-31,BR047031140
    0,1964-08-01,BR047031140
    0,1964-08-02,BR047031140
    0,1964-08-03,BR047031140
    0,1964-08-04,BR047031140
    0,1964-08-05,BR047031140
    0,1964-08-06,BR047031140
    0,1964-08-07,BR047031140
    0,1964-08-08,BR047031140
    0,1964-08-09,BR047031140
    0,1964-08-10,BR047031140
    0,1964-08-11,BR047031140
    0,1964-08-12,BR047031140
    0,1964-08-13,BR047031140
    0,1964-08-14,BR047031140
    0,1964-08-15,BR047031140
    0,1964-08-16,BR047031140
    0,1964-08-17,BR047031140
    0,1964-08-18,BR047031140
    0,1964-08-19,BR047031140
    0,1964-08-20,BR047031140
    0,1964-08-21,BR047031140
    0,1964-08-22,BR047031140
    0,1964-08-23,BR047031140
    0,1964-08-24,BR047031140
    0,1964-08-25,BR047031140
    0,1964-08-26,BR047031140
    0,1964-08-27,BR047031140
    0,1964-08-28,BR047031140
    0,1964-08-29,BR047031140
    0,1964-08-30,BR047031140
    0,1964-08-31,BR047031140
    0,1964-09-01,BR047031140
    0,1964-09-02,BR047031140
    0,1964-09-03,BR047031140
    0,1964-09-04,BR047031140
    0,1964-09-05,BR047031140
    0,1964-09-06,BR047031140
    0,1964-09-07,BR047031140
    0,1964-09-08,BR047031140
    0,1964-09-09,BR047031140
    0,1964-09-10,BR047031140
    0,1964-09-11,BR047031140
    0,1964-09-12,BR047031140
    0,1964-09-13,BR047031140
    0,1964-09-14,BR047031140
    0,1964-09-15,BR047031140
    0,1964-09-16,BR047031140
    0,1964-09-17,BR047031140
    0,1964-09-18,BR047031140
    0,1964-09-19,BR047031140
    0,1964-09-20,BR047031140
    0,1964-09-21,BR047031140
    0,1964-09-22,BR047031140
    0,1964-09-23,BR047031140
    0,1964-09-24,BR047031140
    0,1964-09-25,BR047031140
    0,1964-09-26,BR047031140
    0,1964-09-27,BR047031140
    0,1964-09-28,BR047031140
    0,1964-09-29,BR047031140
    0,1964-09-30,BR047031140
    0,1964-10-01,BR047031140
    0,1964-10-02,BR047031140
    0,1964-10-03,BR047031140
    0,1964-10-04,BR047031140
    0,1964-10-05,BR047031140
    0,1964-10-06,BR047031140
    0,1964-10-07,BR047031140
    0,1964-10-08,BR047031140
    0,1964-10-09,BR047031140
    0,1964-10-10,BR047031140
    0,1964-10-11,BR047031140
    0,1964-10-12,BR047031140
  110,1964-10-13,BR047031140
  203,1964-10-14,BR047031140
   31,1964-10-15,BR047031140
  170,1964-10-16,BR047031140
    0,1964-10-17,BR047031140
    0,1964-10-18,BR047031140
   20,1964-10-19,BR047031140
    0,1964-10-20,BR047031140
    0,1964-10-21,BR047031140
    0,1964-10-22,BR047031140
    0,1964-10-23,BR047031140
    0,1964-10-24,BR047031140
    0,1964-10-25,BR047031140
    0,1964-10-26,BR047031140
    0,1964-10-27,BR047031140
    0,1964-10-28,BR047031140
    0,1964-10-29,BR047031140
    0,1964-10-30,BR047031140
    0,1964-10-31,BR047031140
    0,1964-11-01,BR047031140
   40,1964-11-02,BR047031140
  130,1964-11-03,BR047031140
    0,1964-11-04,BR047031140
    0,1964-11-05,BR047031140
    0,1964-11-06,BR047031140
    0,1964-11-07,BR047031140
    0,1964-11-08,BR047031140
  141,1964-11-09,BR047031140
    0,1964-11-10,BR047031140
   30,1964-11-11,BR047031140
    0,1964-11-12,BR047031140
  360,1964-11-13,BR047031140
    0,1964-11-14,BR047031140
    0,1964-11-15,BR047031140
    0,1964-11-16,BR047031140
    0,1964-11-17,BR047031140
    0,1964-11-18,BR047031140
    0,1964-11-19,BR047031140
    0,1964-11-20,BR047031140
    0,1964-11-21,BR047031140
  253,1964-11-22,BR047031140
  231,1964-11-23,BR047031140
  550,1964-11-24,BR047031140
   90,1964-11-25,BR047031140
    0,1964-11-26,BR047031140
    0,1964-11-27,BR047031140
    0,1964-11-28,BR047031140
    0,1964-11-29,BR047031140
    0,1964-11-30,BR047031140
    0,1964-12-01,BR047031140
    0,1964-12-02,BR047031140
    0,1964-12-03,BR047031140
    0,1964-12-04,BR047031140
    0,1964-12-05,BR047031140
    0,1964-12-06,BR047031140
  200,1964-12-07,BR047031140
    0,1964-12-08,BR047031140
    0,1964-12-09,BR047031140
    0,1964-12-10,BR047031140
    0,1964-12-11,BR047031140
    0,1964-12-12,BR047031140
    0,1964-12-13,BR047031140
    0,1964-12-14,BR047031140
    0,1964-12-15,BR047031140
    0,1964-12-16,BR047031140
    0,1964-12-17,BR047031140
    0,1964-12-18,BR047031140
    0,1964-12-19,BR047031140
    0,1964-12-20,BR047031140
    0,1964-12-21,BR047031140
    0,1964-12-22,BR047031140
    0,1964-12-23,BR047031140
    0,1964-12-24,BR047031140
    0,1964-12-25,BR047031140
    0,1964-12-26,BR047031140
    0,1964-12-27,BR047031140
   83,1964-12-28,BR047031140
    0,1964-12-29,BR047031140
    0,1964-12-30,BR047031140
    0,1964-12-31,BR047031140
  130,1965-01-01,BR047031140
   90,1965-01-02,BR047031140
    0,1965-01-03,BR047031140
    0,1965-01-04,BR047031140
    0,1965-01-05,BR047031140
    0,1965-01-06,BR047031140
  433,1965-01-07,BR047031140
   82,1965-01-08,BR047031140
    0,1965-01-09,BR047031140
    0,1965-01-10,BR047031140
    0,1965-01-11,BR047031140
    0,1965-01-12,BR047031140
    0,1965-01-13,BR047031140
    0,1965-01-14,BR047031140
    0,1965-01-15,BR047031140
    0,1965-01-16,BR047031140
    0,1965-01-17,BR047031140
    0,1965-01-18,BR047031140
    0,1965-01-19,BR047031140
    0,1965-01-20,BR047031140
  270,1965-01-21,BR047031140
  260,1965-01-22,BR047031140
    0,1965-01-23,BR047031140
    0,1965-01-24,BR047031140
  210,1965-01-25,BR047031140
    0,1965-01-26,BR047031140
    0,1965-01-27,BR047031140
    0,1965-01-28,BR047031140
    0,1965-01-29,BR047031140
    0,1965-01-30,BR047031140
    0,1965-01-31,BR047031140
    0,1965-02-01,BR047031140
    0,1965-02-02,BR047031140
    0,1965-02-03,BR047031140
    0,1965-02-04,BR047031140
    0,1965-02-05,BR047031140
    0,1965-02-06,BR047031140
    0,1965-02-07,BR047031140
    0,1965-02-08,BR047031140
    0,1965-02-09,BR047031140
    0,1965-02-10,BR047031140
    0,1965-02-11,BR047031140
    0,1965-02-12,BR047031140
    0,1965-02-13,BR047031140
    0,1965-02-14,BR047031140
    0,1965-02-15,BR047031140
    0,1965-02-16,BR047031140
    0,1965-02-17,BR047031140
   40,1965-02-18,BR047031140
    0,1965-02-19,BR047031140
    0,1965-02-20,BR047031140
  110,1965-02-21,BR047031140
    0,1965-02-22,BR047031140
    0,1965-02-23,BR047031140
    0,1965-02-24,BR047031140
   50,1965-02-25,BR047031140
   30,1965-02-26,BR047031140
    0,1965-02-27,BR047031140
    0,1965-02-28,BR047031140
    0,1965-03-01,BR047031140
    0,1965-03-02,BR047031140
    0,1965-03-03,BR047031140
    0,1965-03-04,BR047031140
   30,1965-03-05,BR047031140
    0,1965-03-06,BR047031140
    0,1965-03-07,BR047031140
    0,1965-03-08,BR047031140
    0,1965-03-09,BR047031140
    0,1965-03-10,BR047031140
    0,1965-03-11,BR047031140
   83,1965-03-12,BR047031140
    0,1965-03-13,BR047031140
    0,1965-03-14,BR047031140
    0,1965-03-15,BR047031140
    0,1965-03-16,BR047031140
    0,1965-03-17,BR047031140
    0,1965-03-18,BR047031140
  773,1965-03-19,BR047031140
    0,1965-03-20,BR047031140
  521,1965-03-21,BR047031140
    0,1965-03-22,BR047031140
    0,1965-03-23,BR047031140
    0,1965-03-24,BR047031140
    0,1965-03-25,BR047031140
    0,1965-03-26,BR047031140
    0,1965-03-27,BR047031140
  510,1965-03-28,BR047031140
    0,1965-03-29,BR047031140
    0,1965-03-30,BR047031140
    0,1965-03-31,BR047031140
    0,1965-04-01,BR047031140
    0,1965-04-02,BR047031140
    0,1965-04-03,BR047031140
    0,1965-04-04,BR047031140
    0,1965-04-05,BR047031140
    0,1965-04-06,BR047031140
    0,1965-04-07,BR047031140
    0,1965-04-08,BR047031140
   80,1965-04-09,BR047031140
    0,1965-04-10,BR047031140
    0,1965-04-11,BR047031140
    0,1965-04-12,BR047031140
  830,1965-04-13,BR047031140
  100,1965-04-14,BR047031140
  182,1965-04-15,BR047031140
    0,1965-04-16,BR047031140
    0,1965-04-17,BR047031140
  193,1965-04-18,BR047031140
    0,1965-04-19,BR047031140
  144,1965-04-20,BR047031140
    0,1965-04-21,BR047031140
   90,1965-04-22,BR047031140
    0,1965-04-23,BR047031140
  222,1965-04-24,BR047031140
    0,1965-04-25,BR047031140
    0,1965-04-26,BR047031140
    0,1965-04-27,BR047031140
    0,1965-04-28,BR047031140
    0,1965-04-29,BR047031140
    0,1965-04-30,BR047031140
    0,1965-05-01,BR047031140
    0,1965-05-02,BR047031140
    0,1965-05-03,BR047031140
    0,1965-05-04,BR047031140
    0,1965-05-05,BR047031140
    0,1965-05-06,BR047031140
    0,1965-05-07,BR047031140
    0,1965-05-08,BR047031140
    0,1965-05-09,BR047031140
    0,1965-05-10,BR047031140
    0,1965-05-11,BR047031140
    0,1965-05-12,BR047031140
    0,1965-05-13,BR047031140
    0,1965-05-14,BR047031140
    0,1965-05-15,BR047031140
    0,1965-05-16,BR047031140
    0,1965-05-17,BR047031140
    0,1965-05-18,BR047031140
    0,1965-05-19,BR047031140
    0,1965-05-20,BR047031140
    0,1965-05-21,BR047031140
    0,1965-05-22,BR047031140
    0,1965-05-23,BR047031140
    0,1965-05-24,BR047031140
    0,1965-05-25,BR047031140
    0,1965-05-26,BR047031140
    0,1965-05-27,BR047031140
    0,1965-05-28,BR047031140
    0,1965-05-29,BR047031140
    0,1965-05-30,BR047031140
    0,1965-05-31,BR047031140
    0,1965-06-01,BR047031140
    0,1965-06-02,BR047031140
    0,1965-06-03,BR047031140
    0,1965-06-04,BR047031140
    0,1965-06-05,BR047031140
    0,1965-06-06,BR047031140
    0,1965-06-07,BR047031140
    0,1965-06-08,BR047031140
    0,1965-06-09,BR047031140
    0,1965-06-10,BR047031140
    0,1965-06-11,BR047031140
    0,1965-06-12,BR047031140
    0,1965-06-13,BR047031140
    0,1965-06-14,BR047031140
    0,1965-06-15,BR047031140
    0,1965-06-16,BR047031140
    0,1965-06-17,BR047031140
    0,1965-06-18,BR047031140
    0,1965-06-19,BR047031140
    0,1965-06-20,BR047031140
    0,1965-06-21,BR047031140
    0,1965-06-22,BR047031140
    0,1965-06-23,BR047031140
    0,1965-06-24,BR047031140
    0,1965-06-25,BR047031140
    0,1965-06-26,BR047031140
    0,1965-06-27,BR047031140
    0,1965-06-28,BR047031140
    0,1965-06-29,BR047031140
    0,1965-06-30,BR047031140
    0,1965-07-01,BR047031140
    0,1965-07-02,BR047031140
    0,1965-07-03,BR047031140
    0,1965-07-04,BR047031140
    0,1965-07-05,BR047031140
    0,1965-07-06,BR047031140
    0,1965-07-07,BR047031140
    0,1965-07-08,BR047031140
    0,1965-07-09,BR047031140
    0,1965-07-10,BR047031140
    0,1965-07-11,BR047031140
    0,1965-07-12,BR047031140
    0,1965-07-13,BR047031140
    0,1965-07-14,BR047031140
    0,1965-07-15,BR047031140
    0,1965-07-16,BR047031140
    0,1965-07-17,BR047031140
    0,1965-07-18,BR047031140
    0,1965-07-19,BR047031140
    0,1965-07-20,BR047031140
    0,1965-07-21,BR047031140
    0,1965-07-22,BR047031140
    0,1965-07-23,BR047031140
    0,1965-07-24,BR047031140
    0,1965-07-25,BR047031140
    0,1965-07-26,BR047031140
    0,1965-07-27,BR047031140
    0,1965-07-28,BR047031140
    0,1965-07-29,BR047031140
    0,1965-07-30,BR047031140
    0,1965-07-31,BR047031140
    0,1965-08-01,BR047031140
    0,1965-08-02,BR047031140
    0,1965-08-03,BR047031140
    0,1965-08-04,BR047031140
    0,1965-08-05,BR047031140
    0,1965-08-06,BR047031140
    0,1965-08-07,BR047031140
    0,1965-08-08,BR047031140
    0,1965-08-09,BR047031140
    0,1965-08-10,BR047031140
    0,1965-08-11,BR047031140
    0,1965-08-12,BR047031140
    0,1965-08-13,BR047031140
    0,1965-08-14,BR047031140
    0,1965-08-15,BR047031140
    0,1965-08-16,BR047031140
    0,1965-08-17,BR047031140
    0,1965-08-18,BR047031140
    0,1965-08-19,BR047031140
    0,1965-08-20,BR047031140
    0,1965-08-21,BR047031140
    0,1965-08-22,BR047031140
    0,1965-08-23,BR047031140
    0,1965-08-24,BR047031140
    0,1965-08-25,BR047031140
    0,1965-08-26,BR047031140
    0,1965-08-27,BR047031140
    0,1965-08-28,BR047031140
    0,1965-08-29,BR047031140
    0,1965-08-30,BR047031140
    0,1965-08-31,BR047031140
    0,1965-09-01,BR047031140
    0,1965-09-02,BR047031140
    0,1965-09-03,BR047031140
    0,1965-09-04,BR047031140
    0,1965-09-05,BR047031140
    0,1965-09-06,BR047031140
    0,1965-09-07,BR047031140
    0,1965-09-08,BR047031140
    0,1965-09-09,BR047031140
    0,1965-09-10,BR047031140
    0,1965-09-11,BR047031140
    0,1965-09-12,BR047031140
    0,1965-09-13,BR047031140
    0,1965-09-14,BR047031140
    0,1965-09-15,BR047031140
    0,1965-09-16,BR047031140
    0,1965-09-17,BR047031140
    0,1965-09-18,BR047031140
    0,1965-09-19,BR047031140
    0,1965-09-20,BR047031140
    0,1965-09-21,BR047031140
    0,1965-09-22,BR047031140
    0,1965-09-23,BR047031140
    0,1965-09-24,BR047031140
    0,1965-09-25,BR047031140
    0,1965-09-26,BR047031140
    0,1965-09-27,BR047031140
    0,1965-09-28,BR047031140
    0,1965-09-29,BR047031140
    0,1965-09-30,BR047031140
    0,1965-10-01,BR047031140
  283,1965-10-02,BR047031140
   82,1965-10-03,BR047031140
    0,1965-10-04,BR047031140
    0,1965-10-05,BR047031140
    0,1965-10-06,BR047031140
    0,1965-10-07,BR047031140
    0,1965-10-08,BR047031140
    0,1965-10-09,BR047031140
    0,1965-10-10,BR047031140
    0,1965-10-11,BR047031140
    0,1965-10-12,BR047031140
    0,1965-10-13,BR047031140
    0,1965-10-14,BR047031140
    0,1965-10-15,BR047031140
    0,1965-10-16,BR047031140
    0,1965-10-17,BR047031140
    0,1965-10-18,BR047031140
    0,1965-10-19,BR047031140
    0,1965-10-20,BR047031140
    0,1965-10-21,BR047031140
    0,1965-10-22,BR047031140
    0,1965-10-23,BR047031140
    0,1965-10-24,BR047031140
    0,1965-10-25,BR047031140
    0,1965-10-26,BR047031140
    0,1965-10-27,BR047031140
    0,1965-10-28,BR047031140
    0,1965-10-29,BR047031140
    0,1965-10-30,BR047031140
    0,1965-10-31,BR047031140
    0,1965-11-01,BR047031140
    0,1965-11-02,BR047031140
    0,1965-11-03,BR047031140
    0,1965-11-04,BR047031140
    0,1965-11-05,BR047031140
    0,1965-11-06,BR047031140
    0,1965-11-07,BR047031140
    0,1965-11-08,BR047031140
    0,1965-11-09,BR047031140
    0,1965-11-10,BR047031140
    0,1965-11-11,BR047031140
    0,1965-11-12,BR047031140
    0,1965-11-13,BR047031140
    0,1965-11-14,BR047031140
    0,1965-11-15,BR047031140
    0,1965-11-16,BR047031140
    0,1965-11-17,BR047031140
    0,1965-11-18,BR047031140
    0,1965-11-19,BR047031140
    0,1965-11-20,BR047031140
    0,1965-11-21,BR047031140
  123,1965-11-22,BR047031140
    0,1965-11-23,BR047031140
  150,1965-11-24,BR047031140
  100,1965-11-25,BR047031140
  250,1965-11-26,BR047031140
    0,1965-11-27,BR047031140
    0,1965-11-28,BR047031140
    0,1965-11-29,BR047031140
    0,1965-11-30,BR047031140
    0,1965-12-01,BR047031140
    0,1965-12-02,BR047031140
    0,1965-12-03,BR047031140
   92,1965-12-04,BR047031140
    0,1965-12-05,BR047031140
    0,1965-12-06,BR047031140
    0,1965-12-07,BR047031140
    0,1965-12-08,BR047031140
    0,1965-12-09,BR047031140
    0,1965-12-10,BR047031140
    0,1965-12-11,BR047031140
    0,1965-12-12,BR047031140
    0,1965-12-13,BR047031140
    0,1965-12-14,BR047031140
    0,1965-12-15,BR047031140
    0,1965-12-16,BR047031140
    0,1965-12-17,BR047031140
    0,1965-12-18,BR047031140
    0,1965-12-19,BR047031140
    0,1965-12-20,BR047031140
    0,1965-12-21,BR047031140
    0,1965-12-22,BR047031140
  180,1965-12-23,BR047031140
   83,1965-12-24,BR047031140
    0,1965-12-25,BR047031140
    0,1965-12-26,BR047031140
    0,1965-12-27,BR047031140
    0,1965-12-28,BR047031140
    0,1965-12-29,BR047031140
    0,1965-12-30,BR047031140
    0,1965-12-31,BR047031140
    0,1966-01-01,BR047031140
    0,1966-01-02,BR047031140
    0,1966-01-03,BR047031140
  142,1966-01-04,BR047031140
    0,1966-01-05,BR047031140
  232,1966-01-06,BR047031140
    0,1966-01-07,BR047031140
    0,1966-01-08,BR047031140
    0,1966-01-09,BR047031140
    0,1966-01-10,BR047031140
    0,1966-01-11,BR047031140
   80,1966-01-12,BR047031140
    0,1966-01-13,BR047031140
  110,1966-01-14,BR047031140
  113,1966-01-15,BR047031140
    0,1966-01-16,BR047031140
    0,1966-01-17,BR047031140
    0,1966-01-18,BR047031140
  900,1966-01-19,BR047031140
    0,1966-01-20,BR047031140
    0,1966-01-21,BR047031140
    0,1966-01-22,BR047031140
    0,1966-01-23,BR047031140
    0,1966-01-24,BR047031140
    0,1966-01-25,BR047031140
  190,1966-01-26,BR047031140
    0,1966-01-27,BR047031140
    0,1966-01-28,BR047031140
    0,1966-01-29,BR047031140
    0,1966-01-30,BR047031140
  171,1966-01-31,BR047031140
    0,1966-02-01,BR047031140
  272,1966-02-02,BR047031140
  250,1966-02-03,BR047031140
  121,1966-02-04,BR047031140
    0,1966-02-05,BR047031140
    0,1966-02-06,BR047031140
  272,1966-02-07,BR047031140
    0,1966-02-08,BR047031140
  221,1966-02-09,BR047031140
    0,1966-02-10,BR047031140
  520,1966-02-11,BR047031140
   80,1966-02-12,BR047031140
    0,1966-02-13,BR047031140
    0,1966-02-14,BR047031140
    0,1966-02-15,BR047031140
    0,1966-02-16,BR047031140
    0,1966-02-17,BR047031140
    0,1966-02-18,BR047031140
    0,1966-02-19,BR047031140
    0,1966-02-20,BR047031140
    0,1966-02-21,BR047031140
    0,1966-02-22,BR047031140
    0,1966-02-23,BR047031140
    0,1966-02-24,BR047031140
    0,1966-02-25,BR047031140
    0,1966-02-26,BR047031140
    0,1966-02-27,BR047031140
    0,1966-02-28,BR047031140
    0,1966-03-01,BR047031140
  250,1966-03-02,BR047031140
    0,1966-03-03,BR047031140
  223,1966-03-04,BR047031140
  172,1966-03-05,BR047031140
    0,1966-03-06,BR047031140
    0,1966-03-07,BR047031140
    0,1966-03-08,BR047031140
    0,1966-03-09,BR047031140
  142,1966-03-10,BR047031140
   90,1966-03-11,BR047031140
    0,1966-03-12,BR047031140
    0,1966-03-13,BR047031140
    0,1966-03-14,BR047031140
    0,1966-03-15,BR047031140
    0,1966-03-16,BR047031140
    0,1966-03-17,BR047031140
    0,1966-03-18,BR047031140
    0,1966-03-19,BR047031140
    0,1966-03-20,BR047031140
    0,1966-03-21,BR047031140
    0,1966-03-22,BR047031140
    0,1966-03-23,BR047031140
    0,1966-03-24,BR047031140
    0,1966-03-25,BR047031140
    0,1966-03-26,BR047031140
    0,1966-03-27,BR047031140
    0,1966-03-28,BR047031140
    0,1966-03-29,BR047031140
    0,1966-03-30,BR047031140
    0,1966-03-31,BR047031140
    0,1966-04-01,BR047031140
    0,1966-04-02,BR047031140
    0,1966-04-03,BR047031140
   80,1966-04-04,BR047031140
    0,1966-04-05,BR047031140
    0,1966-04-06,BR047031140
    0,1966-04-07,BR047031140
    0,1966-04-08,BR047031140
    0,1966-04-09,BR047031140
    0,1966-04-10,BR047031140
  170,1966-04-11,BR047031140
  423,1966-04-12,BR047031140
  140,1966-04-13,BR047031140
  320,1966-04-14,BR047031140
  473,1966-04-15,BR047031140
    0,1966-04-16,BR047031140
    0,1966-04-17,BR047031140
    0,1966-04-18,BR047031140
    0,1966-04-19,BR047031140
    0,1966-04-20,BR047031140
    0,1966-04-21,BR047031140
    0,1966-04-22,BR047031140
    0,1966-04-23,BR047031140
    0,1966-04-24,BR047031140
    0,1966-04-25,BR047031140
    0,1966-04-26,BR047031140
    0,1966-04-27,BR047031140
    0,1966-04-28,BR047031140
    0,1966-04-29,BR047031140
    0,1966-04-30,BR047031140
    0,1966-05-01,BR047031140
    0,1966-05-02,BR047031140
    0,1966-05-03,BR047031140
    0,1966-05-04,BR047031140
    0,1966-05-05,BR047031140
    0,1966-05-06,BR047031140
    0,1966-05-07,BR047031140
    0,1966-05-08,BR047031140
    0,1966-05-09,BR047031140
    0,1966-05-10,BR047031140
    0,1966-05-11,BR047031140
    0,1966-05-12,BR047031140
    0,1966-05-13,BR047031140
    0,1966-05-14,BR047031140
    0,1966-05-15,BR047031140
    0,1966-05-16,BR047031140
    0,1966-05-17,BR047031140
    0,1966-05-18,BR047031140
    0,1966-05-19,BR047031140
    0,1966-05-20,BR047031140
    0,1966-05-21,BR047031140
    0,1966-05-22,BR047031140
    0,1966-05-23,BR047031140
    0,1966-05-24,BR047031140
    0,1966-05-25,BR047031140
    0,1966-05-26,BR047031140
    0,1966-05-27,BR047031140
    0,1966-05-28,BR047031140
    0,1966-05-29,BR047031140
    0,1966-05-30,BR047031140
    0,1966-05-31,BR047031140
    0,1966-06-01,BR047031140
    0,1966-06-02,BR047031140
    0,1966-06-03,BR047031140
    0,1966-06-04,BR047031140
    0,1966-06-05,BR047031140
    0,1966-06-06,BR047031140
    0,1966-06-07,BR047031140
    0,1966-06-08,BR047031140
    0,1966-06-09,BR047031140
    0,1966-06-10,BR047031140
    0,1966-06-11,BR047031140
    0,1966-06-12,BR047031140
    0,1966-06-13,BR047031140
    0,1966-06-14,BR047031140
    0,1966-06-15,BR047031140
    0,1966-06-16,BR047031140
    0,1966-06-17,BR047031140
    0,1966-06-18,BR047031140
    0,1966-06-19,BR047031140
    0,1966-06-20,BR047031140
    0,1966-06-21,BR047031140
    0,1966-06-22,BR047031140
    0,1966-06-23,BR047031140
    0,1966-06-24,BR047031140
    0,1966-06-25,BR047031140
    0,1966-06-26,BR047031140
    0,1966-06-27,BR047031140
    0,1966-06-28,BR047031140
    0,1966-06-29,BR047031140
    0,1966-06-30,BR047031140
    0,1966-07-01,BR047031140
    0,1966-07-02,BR047031140
    0,1966-07-03,BR047031140
    0,1966-07-04,BR047031140
    0,1966-07-05,BR047031140
    0,1966-07-06,BR047031140
    0,1966-07-07,BR047031140
    0,1966-07-08,BR047031140
    0,1966-07-09,BR047031140
    0,1966-07-10,BR047031140
    0,1966-07-11,BR047031140
    0,1966-07-12,BR047031140
    0,1966-07-13,BR047031140
    0,1966-07-14,BR047031140
    0,1966-07-15,BR047031140
    0,1966-07-16,BR047031140
    0,1966-07-17,BR047031140
    0,1966-07-18,BR047031140
    0,1966-07-19,BR047031140
    0,1966-07-20,BR047031140
    0,1966-07-21,BR047031140
    0,1966-07-22,BR047031140
    0,1966-07-23,BR047031140
    0,1966-07-24,BR047031140
    0,1966-07-25,BR047031140
    0,1966-07-26,BR047031140
    0,1966-07-27,BR047031140
    0,1966-07-28,BR047031140
    0,1966-07-29,BR047031140
    0,1966-07-30,BR047031140
    0,1966-07-31,BR047031140
    0,1966-08-01,BR047031140
    0,1966-08-02,BR047031140
    0,1966-08-03,BR047031140
    0,1966-08-04,BR047031140
    0,1966-08-05,BR047031140
    0,1966-08-06,BR047031140
    0,1966-08-07,BR047031140
    0,1966-08-08,BR047031140
    0,1966-08-09,BR047031140
    0,1966-08-10,BR047031140
    0,1966-08-11,BR047031140
    0,1966-08-12,BR047031140
    0,1966-08-13,BR047031140
    0,1966-08-14,BR047031140
    0,1966-08-15,BR047031140
    0,1966-08-16,BR047031140
    0,1966-08-17,BR047031140
    0,1966-08-18,BR047031140
    0,1966-08-19,BR047031140
    0,1966-08-20,BR047031140
    0,1966-08-21,BR047031140
    0,1966-08-22,BR047031140
    0,1966-08-23,BR047031140
    0,1966-08-24,BR047031140
    0,1966-08-25,BR047031140
    0,1966-08-26,BR047031140
    0,1966-08-27,BR047031140
    0,1966-08-28,BR047031140
    0,1966-08-29,BR047031140
    0,1966-08-30,BR047031140
    0,1966-08-31,BR047031140
    0,1966-09-01,BR047031140
    0,1966-09-02,BR047031140
    0,1966-09-03,BR047031140
    0,1966-09-04,BR047031140
    0,1966-09-05,BR047031140
    0,1966-09-06,BR047031140
    0,1966-09-07,BR047031140
    0,1966-09-08,BR047031140
    0,1966-09-09,BR047031140
    0,1966-09-10,BR047031140
    0,1966-09-11,BR047031140
    0,1966-09-12,BR047031140
    0,1966-09-13,BR047031140
    0,1966-09-14,BR047031140
    0,1966-09-15,BR047031140
    0,1966-09-16,BR047031140
    0,1966-09-17,BR047031140
    0,1966-09-18,BR047031140
    0,1966-09-19,BR047031140
    0,1966-09-20,BR047031140
    0,1966-09-21,BR047031140
    0,1966-09-22,BR047031140
    0,1966-09-23,BR047031140
    0,1966-09-24,BR047031140
    0,1966-09-25,BR047031140
    0,1966-09-26,BR047031140
    0,1966-09-27,BR047031140
    0,1966-09-28,BR047031140
    0,1966-09-29,BR047031140
    0,1966-09-30,BR047031140
    0,1966-10-01,BR047031140
    0,1966-10-02,BR047031140
    0,1966-10-03,BR047031140
    0,1966-10-04,BR047031140
    0,1966-10-05,BR047031140
    0,1966-10-06,BR047031140
    0,1966-10-07,BR047031140
    0,1966-10-08,BR047031140
    0,1966-10-09,BR047031140
    0,1966-10-10,BR047031140
    0,1966-10-11,BR047031140
    0,1966-10-12,BR047031140
    0,1966-10-13,BR047031140
    0,1966-10-14,BR047031140
    0,1966-10-15,BR047031140
    0,1966-10-16,BR047031140
    0,1966-10-17,BR047031140
    0,1966-10-18,BR047031140
    0,1966-10-19,BR047031140
    0,1966-10-20,BR047031140
    0,1966-10-21,BR047031140
    0,1966-10-22,BR047031140
    0,1966-10-23,BR047031140
    0,1966-10-24,BR047031140
    0,1966-10-25,BR047031140
    0,1966-10-26,BR047031140
    0,1966-10-27,BR047031140
    0,1966-10-28,BR047031140
    0,1966-10-29,BR047031140
    0,1966-10-30,BR047031140
    0,1966-10-31,BR047031140
    0,1966-11-01,BR047031140
    0,1966-11-02,BR047031140
    0,1966-11-03,BR047031140
    0,1966-11-04,BR047031140
    0,1966-11-05,BR047031140
    0,1966-11-06,BR047031140
    0,1966-11-07,BR047031140
    0,1966-11-08,BR047031140
    0,1966-11-09,BR047031140
    0,1966-11-10,BR047031140
    0,1966-11-11,BR047031140
    0,1966-11-12,BR047031140
    0,1966-11-13,BR047031140
    0,1966-11-14,BR047031140
    0,1966-11-15,BR047031140
    0,1966-11-16,BR047031140
    0,1966-11-17,BR047031140
    0,1966-11-18,BR047031140
    0,1966-11-19,BR047031140
    0,1966-11-20,BR047031140
    0,1966-11-21,BR047031140
    0,1966-11-22,BR047031140
    0,1966-11-23,BR047031140
    0,1966-11-24,BR047031140
    0,1966-11-25,BR047031140
    0,1966-11-26,BR047031140
  100,1966-11-27,BR047031140
  680,1966-11-28,BR047031140
    0,1966-11-29,BR047031140
    0,1966-11-30,BR047031140
    0,1966-12-01,BR047031140
    0,1966-12-02,BR047031140
    0,1966-12-03,BR047031140
    0,1966-12-04,BR047031140
    0,1966-12-05,BR047031140
    0,1966-12-06,BR047031140
    0,1966-12-07,BR047031140
    0,1966-12-08,BR047031140
    0,1966-12-09,BR047031140
    0,1966-12-10,BR047031140
    0,1966-12-11,BR047031140
    0,1966-12-12,BR047031140
  250,1966-12-13,BR047031140
    0,1966-12-14,BR047031140
    0,1966-12-15,BR047031140
    0,1966-12-16,BR047031140
  221,1966-12-17,BR047031140
  160,1966-12-18,BR047031140
  123,1966-12-19,BR047031140
  310,1966-12-20,BR047031140
  270,1966-12-21,BR047031140
  120,1966-12-22,BR047031140
  112,1966-12-23,BR047031140
    0,1966-12-24,BR047031140
    0,1966-12-25,BR047031140
    0,1966-12-26,BR047031140
    0,1966-12-27,BR047031140
    0,1966-12-28,BR047031140
    0,1966-12-29,BR047031140
    0,1966-12-30,BR047031140
    0,1966-12-31,BR047031140
    0,1967-02-01,BR047031140
    0,1967-02-02,BR047031140
  122,1967-02-03,BR047031140
    0,1967-02-04,BR047031140
    0,1967-02-05,BR047031140
    0,1967-02-06,BR047031140
    0,1967-02-07,BR047031140
    0,1967-02-08,BR047031140
    0,1967-02-09,BR047031140
  257,1967-02-10,BR047031140
    0,1967-02-11,BR047031140
    0,1967-02-12,BR047031140
    0,1967-02-13,BR047031140
    0,1967-02-14,BR047031140
    0,1967-02-15,BR047031140
  132,1967-02-16,BR047031140
    0,1967-02-17,BR047031140
    0,1967-02-18,BR047031140
    0,1967-02-19,BR047031140
    0,1967-02-20,BR047031140
    0,1967-02-21,BR047031140
   80,1967-02-22,BR047031140
    0,1967-02-23,BR047031140
  220,1967-02-24,BR047031140
   13,1967-02-25,BR047031140
    0,1967-02-26,BR047031140
    0,1967-02-27,BR047031140
    0,1967-02-28,BR047031140
    0,1967-03-01,BR047031140
    0,1967-03-02,BR047031140
    0,1967-03-03,BR047031140
    0,1967-03-04,BR047031140
    0,1967-03-05,BR047031140
    0,1967-03-06,BR047031140
    0,1967-03-07,BR047031140
    0,1967-03-08,BR047031140
    0,1967-03-09,BR047031140
    0,1967-03-10,BR047031140
    0,1967-03-11,BR047031140
    0,1967-03-12,BR047031140
  190,1967-03-13,BR047031140
    0,1967-03-14,BR047031140
    0,1967-03-15,BR047031140
    0,1967-03-16,BR047031140
    0,1967-03-17,BR047031140
  283,1967-03-18,BR047031140
    0,1967-03-19,BR047031140
    0,1967-03-20,BR047031140
    0,1967-03-21,BR047031140
    0,1967-03-22,BR047031140
    0,1967-03-23,BR047031140
    0,1967-03-24,BR047031140
    0,1967-03-25,BR047031140
    0,1967-03-26,BR047031140
    0,1967-03-27,BR047031140
    0,1967-03-28,BR047031140
    0,1967-03-29,BR047031140
    0,1967-03-30,BR047031140
    0,1967-03-31,BR047031140
    0,1967-04-01,BR047031140
    0,1967-04-02,BR047031140
    0,1967-04-03,BR047031140
    0,1967-04-04,BR047031140
  772,1967-04-05,BR047031140
  191,1967-04-06,BR047031140
    0,1967-04-07,BR047031140
    0,1967-04-08,BR047031140
    0,1967-04-09,BR047031140
  142,1967-04-10,BR047031140
    0,1967-04-11,BR047031140
    0,1967-04-12,BR047031140
    0,1967-04-13,BR047031140
    0,1967-04-14,BR047031140
    0,1967-04-15,BR047031140
    0,1967-04-16,BR047031140
    0,1967-04-17,BR047031140
    0,1967-04-18,BR047031140
    0,1967-04-19,BR047031140
    0,1967-04-20,BR047031140
   90,1967-04-21,BR047031140
  240,1967-04-22,BR047031140
    0,1967-04-23,BR047031140
    0,1967-04-24,BR047031140
    0,1967-04-25,BR047031140
    0,1967-04-26,BR047031140
    0,1967-04-27,BR047031140
   42,1967-04-28,BR047031140
    0,1967-04-29,BR047031140
    0,1967-04-30,BR047031140
    0,1967-05-01,BR047031140
    0,1967-05-02,BR047031140
    0,1967-05-03,BR047031140
    0,1967-05-04,BR047031140
    0,1967-05-05,BR047031140
    0,1967-05-06,BR047031140
    0,1967-05-07,BR047031140
    0,1967-05-08,BR047031140
    0,1967-05-09,BR047031140
    0,1967-05-10,BR047031140
    0,1967-05-11,BR047031140
    0,1967-05-12,BR047031140
    0,1967-05-13,BR047031140
    0,1967-05-14,BR047031140
    0,1967-05-15,BR047031140
    0,1967-05-16,BR047031140
    0,1967-05-17,BR047031140
    0,1967-05-18,BR047031140
    0,1967-05-19,BR047031140
    0,1967-05-20,BR047031140
    0,1967-05-21,BR047031140
    0,1967-05-22,BR047031140
    0,1967-05-23,BR047031140
    0,1967-05-24,BR047031140
    0,1967-05-25,BR047031140
    0,1967-05-26,BR047031140
    0,1967-05-27,BR047031140
    0,1967-05-28,BR047031140
    0,1967-05-29,BR047031140
    0,1967-05-30,BR047031140
    0,1967-05-31,BR047031140
    0,1967-06-01,BR047031140
    0,1967-06-02,BR047031140
    0,1967-06-03,BR047031140
    0,1967-06-04,BR047031140
    0,1967-06-05,BR047031140
    0,1967-06-06,BR047031140
    0,1967-06-07,BR047031140
    0,1967-06-08,BR047031140
    0,1967-06-09,BR047031140
    0,1967-06-10,BR047031140
    0,1967-06-11,BR047031140
    0,1967-06-12,BR047031140
    0,1967-06-13,BR047031140
    0,1967-06-14,BR047031140
    0,1967-06-15,BR047031140
    0,1967-06-16,BR047031140
    0,1967-06-17,BR047031140
    0,1967-06-18,BR047031140
    0,1967-06-19,BR047031140
    0,1967-06-20,BR047031140
    0,1967-06-21,BR047031140
    0,1967-06-22,BR047031140
    0,1967-06-23,BR047031140
    0,1967-06-24,BR047031140
    0,1967-06-25,BR047031140
    0,1967-06-26,BR047031140
    0,1967-06-27,BR047031140
    0,1967-06-28,BR047031140
    0,1967-06-29,BR047031140
    0,1967-06-30,BR047031140
    0,1967-07-01,BR047031140
    0,1967-07-02,BR047031140
    0,1967-07-03,BR047031140
    0,1967-07-04,BR047031140
    0,1967-07-05,BR047031140
    0,1967-07-06,BR047031140
    0,1967-07-07,BR047031140
    0,1967-07-08,BR047031140
    0,1967-07-09,BR047031140
    0,1967-07-10,BR047031140
    0,1967-07-11,BR047031140
    0,1967-07-12,BR047031140
    0,1967-07-13,BR047031140
    0,1967-07-14,BR047031140
    0,1967-07-15,BR047031140
    0,1967-07-16,BR047031140
    0,1967-07-17,BR047031140
    0,1967-07-18,BR047031140
    0,1967-07-19,BR047031140
    0,1967-07-20,BR047031140
    0,1967-07-21,BR047031140
    0,1967-07-22,BR047031140
    0,1967-07-23,BR047031140
    0,1967-07-24,BR047031140
    0,1967-07-25,BR047031140
    0,1967-07-26,BR047031140
    0,1967-07-27,BR047031140
    0,1967-07-28,BR047031140
    0,1967-07-29,BR047031140
    0,1967-07-30,BR047031140
    0,1967-07-31,BR047031140
    0,1967-08-01,BR047031140
    0,1967-08-02,BR047031140
    0,1967-08-03,BR047031140
    0,1967-08-04,BR047031140
    0,1967-08-05,BR047031140
    0,1967-08-06,BR047031140
    0,1967-08-07,BR047031140
    0,1967-08-08,BR047031140
    0,1967-08-09,BR047031140
    0,1967-08-10,BR047031140
    0,1967-08-11,BR047031140
    0,1967-08-12,BR047031140
    0,1967-08-13,BR047031140
    0,1967-08-14,BR047031140
    0,1967-08-15,BR047031140
    0,1967-08-16,BR047031140
    0,1967-08-17,BR047031140
    0,1967-08-18,BR047031140
    0,1967-08-19,BR047031140
    0,1967-08-20,BR047031140
    0,1967-08-21,BR047031140
    0,1967-08-22,BR047031140
    0,1967-08-23,BR047031140
    0,1967-08-24,BR047031140
    0,1967-08-25,BR047031140
    0,1967-08-26,BR047031140
    0,1967-08-27,BR047031140
    0,1967-08-28,BR047031140
    0,1967-08-29,BR047031140
    0,1967-08-30,BR047031140
    0,1967-08-31,BR047031140
    0,1967-09-01,BR047031140
    0,1967-09-02,BR047031140
    0,1967-09-03,BR047031140
    0,1967-09-04,BR047031140
    0,1967-09-05,BR047031140
    0,1967-09-06,BR047031140
    0,1967-09-07,BR047031140
    0,1967-09-08,BR047031140
    0,1967-09-09,BR047031140
    0,1967-09-10,BR047031140
    0,1967-09-11,BR047031140
    0,1967-09-12,BR047031140
    0,1967-09-13,BR047031140
    0,1967-09-14,BR047031140
    0,1967-09-15,BR047031140
    0,1967-09-16,BR047031140
    0,1967-09-17,BR047031140
    0,1967-09-18,BR047031140
    0,1967-09-19,BR047031140
    0,1967-09-20,BR047031140
    0,1967-09-21,BR047031140
    0,1967-09-22,BR047031140
    0,1967-09-23,BR047031140
    0,1967-09-24,BR047031140
    0,1967-09-25,BR047031140
    0,1967-09-26,BR047031140
    0,1967-09-27,BR047031140
    0,1967-09-28,BR047031140
    0,1967-09-29,BR047031140
    0,1967-09-30,BR047031140
    0,1967-10-01,BR047031140
    0,1967-10-02,BR047031140
    0,1967-10-03,BR047031140
    0,1967-10-04,BR047031140
    0,1967-10-05,BR047031140
    0,1967-10-06,BR047031140
    0,1967-10-07,BR047031140
    0,1967-10-08,BR047031140
    0,1967-10-09,BR047031140
    0,1967-10-10,BR047031140
    0,1967-10-11,BR047031140
    0,1967-10-12,BR047031140
    0,1967-10-13,BR047031140
    0,1967-10-14,BR047031140
    0,1967-10-15,BR047031140
    0,1967-10-16,BR047031140
    0,1967-10-17,BR047031140
    0,1967-10-18,BR047031140
    0,1967-10-19,BR047031140
    0,1967-10-20,BR047031140
    0,1967-10-21,BR047031140
    0,1967-10-22,BR047031140
    0,1967-10-23,BR047031140
    0,1967-10-24,BR047031140
    0,1967-10-25,BR047031140
    0,1967-10-26,BR047031140
    0,1967-10-27,BR047031140
    0,1967-10-28,BR047031140
    0,1967-10-29,BR047031140
    0,1967-10-30,BR047031140
    0,1967-10-31,BR047031140
    0,1967-11-01,BR047031140
    0,1967-11-02,BR047031140
    0,1967-11-03,BR047031140
  110,1967-11-04,BR047031140
    0,1967-11-05,BR047031140
    0,1967-11-06,BR047031140
    0,1967-11-07,BR047031140
  213,1967-11-08,BR047031140
    0,1967-11-09,BR047031140
  683,1967-11-10,BR047031140
   51,1967-11-11,BR047031140
    0,1967-11-12,BR047031140
    0,1967-11-13,BR047031140
    0,1967-11-14,BR047031140
    0,1967-11-15,BR047031140
    0,1967-11-16,BR047031140
    0,1967-11-17,BR047031140
    0,1967-11-18,BR047031140
    0,1967-11-19,BR047031140
    0,1967-11-20,BR047031140
    0,1967-11-21,BR047031140
    0,1967-11-22,BR047031140
    0,1967-11-23,BR047031140
    0,1967-11-24,BR047031140
    0,1967-11-25,BR047031140
    0,1967-11-26,BR047031140
 1800,1967-11-27,BR047031140
  900,1967-11-28,BR047031140
   43,1967-11-29,BR047031140
    0,1967-11-30,BR047031140
    0,1968-01-01,BR047031140
    0,1968-01-02,BR047031140
    0,1968-01-03,BR047031140
    0,1968-01-04,BR047031140
    0,1968-01-05,BR047031140
    0,1968-01-06,BR047031140
    0,1968-01-07,BR047031140
    0,1968-01-08,BR047031140
    0,1968-01-09,BR047031140
    0,1968-01-10,BR047031140
    0,1968-01-11,BR047031140
    0,1968-01-12,BR047031140
    0,1968-01-13,BR047031140
    0,1968-01-14,BR047031140
    0,1968-01-15,BR047031140
    0,1968-01-16,BR047031140
    0,1968-01-17,BR047031140
    0,1968-01-18,BR047031140
    0,1968-01-19,BR047031140
    0,1968-01-20,BR047031140
    0,1968-01-21,BR047031140
    0,1968-01-22,BR047031140
    0,1968-01-23,BR047031140
    0,1968-01-24,BR047031140
    0,1968-01-25,BR047031140
    0,1968-01-26,BR047031140
    0,1968-01-27,BR047031140
    0,1968-01-28,BR047031140
    0,1968-01-29,BR047031140
    0,1968-01-30,BR047031140
    0,1968-01-31,BR047031140
    0,1968-02-01,BR047031140
  630,1968-02-02,BR047031140
   40,1968-02-03,BR047031140
  182,1968-02-04,BR047031140
  150,1968-02-05,BR047031140
    0,1968-02-06,BR047031140
    0,1968-02-07,BR047031140
    0,1968-02-08,BR047031140
    0,1968-02-09,BR047031140
  250,1968-02-10,BR047031140
    0,1968-02-11,BR047031140
    0,1968-02-12,BR047031140
    0,1968-02-13,BR047031140
    0,1968-02-14,BR047031140
    0,1968-02-15,BR047031140
    0,1968-02-16,BR047031140
  252,1968-02-17,BR047031140
  343,1968-02-18,BR047031140
    0,1968-02-19,BR047031140
  230,1968-02-20,BR047031140
  110,1968-02-21,BR047031140
  122,1968-02-22,BR047031140
   93,1968-02-23,BR047031140
  160,1968-02-24,BR047031140
  110,1968-02-25,BR047031140
  120,1968-02-26,BR047031140
   80,1968-02-27,BR047031140
  193,1968-02-28,BR047031140
  130,1968-02-29,BR047031140
    0,1968-03-01,BR047031140
   80,1968-03-02,BR047031140
  132,1968-03-03,BR047031140
    0,1968-03-04,BR047031140
    0,1968-03-05,BR047031140
    0,1968-03-06,BR047031140
    0,1968-03-07,BR047031140
    0,1968-03-08,BR047031140
    0,1968-03-09,BR047031140
    0,1968-03-10,BR047031140
    0,1968-03-11,BR047031140
    0,1968-03-12,BR047031140
    0,1968-03-13,BR047031140
    0,1968-03-14,BR047031140
    0,1968-03-15,BR047031140
    0,1968-03-16,BR047031140
    0,1968-03-17,BR047031140
    0,1968-03-18,BR047031140
  140,1968-03-19,BR047031140
  153,1968-03-20,BR047031140
    0,1968-03-21,BR047031140
    0,1968-03-22,BR047031140
    0,1968-03-23,BR047031140
    0,1968-03-24,BR047031140
    0,1968-03-25,BR047031140
    0,1968-03-26,BR047031140
    0,1968-03-27,BR047031140
    0,1968-03-28,BR047031140
    0,1968-03-29,BR047031140
    0,1968-03-30,BR047031140
    0,1968-03-31,BR047031140
    0,1968-04-01,BR047031140
    0,1968-04-02,BR047031140
    0,1968-04-03,BR047031140
    0,1968-04-04,BR047031140
    0,1968-04-05,BR047031140
    0,1968-04-06,BR047031140
    0,1968-04-07,BR047031140
    0,1968-04-08,BR047031140
    0,1968-04-09,BR047031140
    0,1968-04-10,BR047031140
    0,1968-04-11,BR047031140
    0,1968-04-12,BR047031140
    0,1968-04-13,BR047031140
    0,1968-04-14,BR047031140
    0,1968-04-15,BR047031140
    0,1968-04-16,BR047031140
    0,1968-04-17,BR047031140
    0,1968-04-18,BR047031140
    0,1968-04-19,BR047031140
    0,1968-04-20,BR047031140
    0,1968-04-21,BR047031140
    0,1968-04-22,BR047031140
    0,1968-04-23,BR047031140
    0,1968-04-24,BR047031140
    0,1968-04-25,BR047031140
    0,1968-04-26,BR047031140
    0,1968-04-27,BR047031140
    0,1968-04-28,BR047031140
    0,1968-04-29,BR047031140
    0,1968-04-30,BR047031140
    0,1968-05-01,BR047031140
    0,1968-05-02,BR047031140
    0,1968-05-03,BR047031140
    0,1968-05-04,BR047031140
    0,1968-05-05,BR047031140
    0,1968-05-06,BR047031140
    0,1968-05-07,BR047031140
    0,1968-05-08,BR047031140
    0,1968-05-09,BR047031140
    0,1968-05-10,BR047031140
    0,1968-05-11,BR047031140
    0,1968-05-12,BR047031140
    0,1968-05-13,BR047031140
    0,1968-05-14,BR047031140
    0,1968-05-15,BR047031140
    0,1968-05-16,BR047031140
    0,1968-05-17,BR047031140
    0,1968-05-18,BR047031140
    0,1968-05-19,BR047031140
    0,1968-05-20,BR047031140
    0,1968-05-21,BR047031140
    0,1968-05-22,BR047031140
    0,1968-05-23,BR047031140
    0,1968-05-24,BR047031140
    0,1968-05-25,BR047031140
    0,1968-05-26,BR047031140
    0,1968-05-27,BR047031140
    0,1968-05-28,BR047031140
    0,1968-05-29,BR047031140
    0,1968-05-30,BR047031140
    0,1968-05-31,BR047031140
    0,1968-06-01,BR047031140
    0,1968-06-02,BR047031140
    0,1968-06-03,BR047031140
    0,1968-06-04,BR047031140
    0,1968-06-05,BR047031140
    0,1968-06-06,BR047031140
    0,1968-06-07,BR047031140
    0,1968-06-08,BR047031140
    0,1968-06-09,BR047031140
    0,1968-06-10,BR047031140
    0,1968-06-11,BR047031140
    0,1968-06-12,BR047031140
    0,1968-06-13,BR047031140
    0,1968-06-14,BR047031140
    0,1968-06-15,BR047031140
    0,1968-06-16,BR047031140
    0,1968-06-17,BR047031140
    0,1968-06-18,BR047031140
    0,1968-06-19,BR047031140
    0,1968-06-20,BR047031140
    0,1968-06-21,BR047031140
    0,1968-06-22,BR047031140
    0,1968-06-23,BR047031140
    0,1968-06-24,BR047031140
    0,1968-06-25,BR047031140
    0,1968-06-26,BR047031140
    0,1968-06-27,BR047031140
    0,1968-06-28,BR047031140
    0,1968-06-29,BR047031140
    0,1968-06-30,BR047031140
    0,1968-07-01,BR047031140
    0,1968-07-02,BR047031140
    0,1968-07-03,BR047031140
    0,1968-07-04,BR047031140
    0,1968-07-05,BR047031140
    0,1968-07-06,BR047031140
    0,1968-07-07,BR047031140
    0,1968-07-08,BR047031140
    0,1968-07-09,BR047031140
    0,1968-07-10,BR047031140
    0,1968-07-11,BR047031140
    0,1968-07-12,BR047031140
    0,1968-07-13,BR047031140
    0,1968-07-14,BR047031140
    0,1968-07-15,BR047031140
    0,1968-07-16,BR047031140
    0,1968-07-17,BR047031140
    0,1968-07-18,BR047031140
    0,1968-07-19,BR047031140
    0,1968-07-20,BR047031140
    0,1968-07-21,BR047031140
    0,1968-07-22,BR047031140
    0,1968-07-23,BR047031140
    0,1968-07-24,BR047031140
    0,1968-07-25,BR047031140
    0,1968-07-26,BR047031140
    0,1968-07-27,BR047031140
    0,1968-07-28,BR047031140
    0,1968-07-29,BR047031140
    0,1968-07-30,BR047031140
    0,1968-07-31,BR047031140
    0,1968-08-01,BR047031140
    0,1968-08-02,BR047031140
    0,1968-08-03,BR047031140
    0,1968-08-04,BR047031140
    0,1968-08-05,BR047031140
    0,1968-08-06,BR047031140
    0,1968-08-07,BR047031140
    0,1968-08-08,BR047031140
    0,1968-08-09,BR047031140
    0,1968-08-10,BR047031140
    0,1968-08-11,BR047031140
    0,1968-08-12,BR047031140
    0,1968-08-13,BR047031140
    0,1968-08-14,BR047031140
    0,1968-08-15,BR047031140
    0,1968-08-16,BR047031140
    0,1968-08-17,BR047031140
    0,1968-08-18,BR047031140
    0,1968-08-19,BR047031140
    0,1968-08-20,BR047031140
    0,1968-08-21,BR047031140
    0,1968-08-22,BR047031140
    0,1968-08-23,BR047031140
    0,1968-08-24,BR047031140
    0,1968-08-25,BR047031140
    0,1968-08-26,BR047031140
    0,1968-08-27,BR047031140
    0,1968-08-28,BR047031140
    0,1968-08-29,BR047031140
    0,1968-08-30,BR047031140
    0,1968-08-31,BR047031140
    0,1968-09-01,BR047031140
    0,1968-09-02,BR047031140
    0,1968-09-03,BR047031140
    0,1968-09-04,BR047031140
    0,1968-09-05,BR047031140
    0,1968-09-06,BR047031140
    0,1968-09-07,BR047031140
    0,1968-09-08,BR047031140
    0,1968-09-09,BR047031140
    0,1968-09-10,BR047031140
    0,1968-09-11,BR047031140
    0,1968-09-12,BR047031140
    0,1968-09-13,BR047031140
    0,1968-09-14,BR047031140
    0,1968-09-15,BR047031140
    0,1968-09-16,BR047031140
    0,1968-09-17,BR047031140
    0,1968-09-18,BR047031140
    0,1968-09-19,BR047031140
    0,1968-09-20,BR047031140
    0,1968-09-21,BR047031140
    0,1968-09-22,BR047031140
    0,1968-09-23,BR047031140
    0,1968-09-24,BR047031140
    0,1968-09-25,BR047031140
    0,1968-09-26,BR047031140
    0,1968-09-27,BR047031140
    0,1968-09-28,BR047031140
    0,1968-09-29,BR047031140
    0,1968-09-30,BR047031140
    0,1968-10-01,BR047031140
    0,1968-10-02,BR047031140
    0,1968-10-03,BR047031140
    0,1968-10-04,BR047031140
    0,1968-10-05,BR047031140
    0,1968-10-06,BR047031140
    0,1968-10-07,BR047031140
    0,1968-10-08,BR047031140
    0,1968-10-09,BR047031140
    0,1968-10-10,BR047031140
    0,1968-10-11,BR047031140
    0,1968-10-12,BR047031140
    0,1968-10-13,BR047031140
    0,1968-10-14,BR047031140
    0,1968-10-15,BR047031140
    0,1968-10-16,BR047031140
    0,1968-10-17,BR047031140
    0,1968-10-18,BR047031140
    0,1968-10-19,BR047031140
    0,1968-10-20,BR047031140
    0,1968-10-21,BR047031140
    0,1968-10-22,BR047031140
    0,1968-10-23,BR047031140
    0,1968-10-24,BR047031140
    0,1968-10-25,BR047031140
    0,1968-10-26,BR047031140
    0,1968-10-27,BR047031140
    0,1968-10-28,BR047031140
    0,1968-10-29,BR047031140
    0,1968-10-30,BR047031140
    0,1968-10-31,BR047031140
    0,1968-11-01,BR047031140
    0,1968-11-02,BR047031140
    0,1968-11-03,BR047031140
    0,1968-11-04,BR047031140
    0,1968-11-05,BR047031140
    0,1968-11-06,BR047031140
    0,1968-11-07,BR047031140
    0,1968-11-08,BR047031140
    0,1968-11-09,BR047031140
    0,1968-11-10,BR047031140
    0,1968-11-11,BR047031140
    0,1968-11-12,BR047031140
    0,1968-11-13,BR047031140
    0,1968-11-14,BR047031140
    0,1968-11-15,BR047031140
    0,1968-11-16,BR047031140
    0,1968-11-17,BR047031140
    0,1968-11-18,BR047031140
    0,1968-11-19,BR047031140
    0,1968-11-20,BR047031140
    0,1968-11-21,BR047031140
    0,1968-11-22,BR047031140
    0,1968-11-23,BR047031140
    0,1968-11-24,BR047031140
    0,1968-11-25,BR047031140
    0,1968-11-26,BR047031140
    0,1968-11-27,BR047031140
    0,1968-11-28,BR047031140
    0,1968-11-29,BR047031140
    0,1968-11-30,BR047031140
    0,1969-10-01,BR047031140
    0,1969-10-02,BR047031140
    0,1969-10-03,BR047031140
    0,1969-10-04,BR047031140
    0,1969-10-05,BR047031140
    0,1969-10-06,BR047031140
    0,1969-10-07,BR047031140
    0,1969-10-08,BR047031140
    0,1969-10-09,BR047031140
    0,1969-10-10,BR047031140
    0,1969-10-11,BR047031140
    0,1969-10-12,BR047031140
    0,1969-10-13,BR047031140
    0,1969-10-14,BR047031140
    0,1969-10-15,BR047031140
    0,1969-10-16,BR047031140
    0,1969-10-17,BR047031140
    0,1969-10-18,BR047031140
    0,1969-10-19,BR047031140
    0,1969-10-20,BR047031140
    0,1969-10-21,BR047031140
    0,1969-10-22,BR047031140
    0,1969-10-23,BR047031140
    0,1969-10-24,BR047031140
    0,1969-10-25,BR047031140
    0,1969-10-26,BR047031140
    0,1969-10-27,BR047031140
    0,1969-10-28,BR047031140
    0,1969-10-29,BR047031140
    0,1969-10-30,BR047031140
    0,1969-10-31,BR047031140
    0,1969-11-01,BR047031140
    0,1969-11-02,BR047031140
    0,1969-11-03,BR047031140
    0,1969-11-04,BR047031140
    0,1969-11-05,BR047031140
    0,1969-11-06,BR047031140
    0,1969-11-07,BR047031140
    0,1969-11-08,BR047031140
    0,1969-11-09,BR047031140
    0,1969-11-10,BR047031140
    0,1969-11-11,BR047031140
    0,1969-11-12,BR047031140
    0,1969-11-13,BR047031140
    0,1969-11-14,BR047031140
    0,1969-11-15,BR047031140
    0,1969-11-16,BR047031140
    0,1969-11-17,BR047031140
    0,1969-11-18,BR047031140
    0,1969-11-19,BR047031140
    0,1969-11-20,BR047031140
    0,1969-11-21,BR047031140
    0,1969-11-22,BR047031140
  500,1969-11-23,BR047031140
    0,1969-11-24,BR047031140
    0,1969-11-25,BR047031140
    0,1969-11-26,BR047031140
    0,1969-11-27,BR047031140
    0,1969-11-28,BR047031140
  110,1969-11-29,BR047031140
    0,1969-11-30,BR047031140
    0,1969-12-01,BR047031140
    0,1969-12-02,BR047031140
  303,1969-12-03,BR047031140
  122,1969-12-04,BR047031140
  300,1969-12-05,BR047031140
    0,1969-12-06,BR047031140
    0,1969-12-07,BR047031140
    0,1969-12-08,BR047031140
    0,1969-12-09,BR047031140
    0,1969-12-10,BR047031140
  201,1969-12-11,BR047031140
    0,1969-12-12,BR047031140
    0,1969-12-13,BR047031140
    0,1969-12-14,BR047031140
    0,1969-12-15,BR047031140
    0,1969-12-16,BR047031140
    0,1969-12-17,BR047031140
    0,1969-12-18,BR047031140
  576,1969-12-19,BR047031140
    0,1969-12-20,BR047031140
  200,1969-12-21,BR047031140
    0,1969-12-22,BR047031140
    0,1969-12-23,BR047031140
    0,1969-12-24,BR047031140
    0,1969-12-25,BR047031140
  243,1969-12-26,BR047031140
  280,1969-12-27,BR047031140
  133,1969-12-28,BR047031140
    0,1969-12-29,BR047031140
    0,1969-12-30,BR047031140
    0,1969-12-31,BR047031140
    0,1970-01-01,BR047031140
  283,1970-01-02,BR047031140
    0,1970-01-03,BR047031140
    0,1970-01-04,BR047031140
    0,1970-01-05,BR047031140
    0,1970-01-06,BR047031140
    0,1970-01-07,BR047031140
    0,1970-01-08,BR047031140
  180,1970-01-09,BR047031140
    0,1970-01-10,BR047031140
    0,1970-01-11,BR047031140
    0,1970-01-12,BR047031140
    0,1970-01-13,BR047031140
    0,1970-01-14,BR047031140
    0,1970-01-15,BR047031140
    0,1970-01-16,BR047031140
    0,1970-01-17,BR047031140
    0,1970-01-18,BR047031140
    0,1970-01-19,BR047031140
   70,1970-01-20,BR047031140
    0,1970-01-21,BR047031140
    0,1970-01-22,BR047031140
    0,1970-01-23,BR047031140
    0,1970-01-24,BR047031140
    0,1970-01-25,BR047031140
    0,1970-01-26,BR047031140
    0,1970-01-27,BR047031140
    0,1970-01-28,BR047031140
    0,1970-01-29,BR047031140
    0,1970-01-30,BR047031140
    0,1970-01-31,BR047031140
    0,1970-02-01,BR047031140
    0,1970-02-02,BR047031140
    0,1970-02-03,BR047031140
  350,1970-02-04,BR047031140
    0,1970-02-05,BR047031140
    0,1970-02-06,BR047031140
    0,1970-02-07,BR047031140
  280,1970-02-08,BR047031140
    0,1970-02-09,BR047031140
    0,1970-02-10,BR047031140
    0,1970-02-11,BR047031140
    0,1970-02-12,BR047031140
  113,1970-02-13,BR047031140
  150,1970-02-14,BR047031140
    0,1970-02-15,BR047031140
  270,1970-02-16,BR047031140
  180,1970-02-17,BR047031140
    0,1970-02-18,BR047031140
    0,1970-02-19,BR047031140
    0,1970-02-20,BR047031140
    0,1970-02-21,BR047031140
    0,1970-02-22,BR047031140
    0,1970-02-23,BR047031140
    0,1970-02-24,BR047031140
    0,1970-02-25,BR047031140
  430,1970-02-26,BR047031140
    0,1970-02-27,BR047031140
    0,1970-02-28,BR047031140
    0,1970-03-01,BR047031140
    0,1970-03-02,BR047031140
    0,1970-03-03,BR047031140
    0,1970-03-04,BR047031140
    0,1970-03-05,BR047031140
    0,1970-03-06,BR047031140
    0,1970-03-07,BR047031140
    0,1970-03-08,BR047031140
    0,1970-03-09,BR047031140
    0,1970-03-10,BR047031140
    0,1970-03-11,BR047031140
    0,1970-03-12,BR047031140
    0,1970-03-13,BR047031140
    0,1970-03-14,BR047031140
    0,1970-03-15,BR047031140
    0,1970-03-16,BR047031140
    0,1970-03-17,BR047031140
    0,1970-03-18,BR047031140
    0,1970-03-19,BR047031140
    0,1970-03-20,BR047031140
    0,1970-03-21,BR047031140
    0,1970-03-22,BR047031140
    0,1970-03-23,BR047031140
    0,1970-03-24,BR047031140
    0,1970-03-25,BR047031140
    0,1970-03-26,BR047031140
    0,1970-03-27,BR047031140
    0,1970-03-28,BR047031140
    0,1970-03-29,BR047031140
    0,1970-03-30,BR047031140
    0,1970-03-31,BR047031140
    0,1970-04-01,BR047031140
    0,1970-04-02,BR047031140
    0,1970-04-03,BR047031140
    0,1970-04-04,BR047031140
  253,1970-04-05,BR047031140
    0,1970-04-06,BR047031140
  182,1970-04-07,BR047031140
    0,1970-04-08,BR047031140
    0,1970-04-09,BR047031140
    0,1970-04-10,BR047031140
    0,1970-04-11,BR047031140
    0,1970-04-12,BR047031140
    0,1970-04-13,BR047031140
    0,1970-04-14,BR047031140
    0,1970-04-15,BR047031140
    0,1970-04-16,BR047031140
    0,1970-04-17,BR047031140
    0,1970-04-18,BR047031140
    0,1970-04-19,BR047031140
    0,1970-04-20,BR047031140
    0,1970-04-21,BR047031140
    0,1970-04-22,BR047031140
    0,1970-04-23,BR047031140
    0,1970-04-24,BR047031140
    0,1970-04-25,BR047031140
    0,1970-04-26,BR047031140
    0,1970-04-27,BR047031140
    0,1970-04-28,BR047031140
    0,1970-04-29,BR047031140
    0,1970-04-30,BR047031140
    0,1970-05-01,BR047031140
    0,1970-05-02,BR047031140
    0,1970-05-03,BR047031140
    0,1970-05-04,BR047031140
    0,1970-05-05,BR047031140
    0,1970-05-06,BR047031140
    0,1970-05-07,BR047031140
    0,1970-05-08,BR047031140
    0,1970-05-09,BR047031140
    0,1970-05-10,BR047031140
    0,1970-05-11,BR047031140
    0,1970-05-12,BR047031140
    0,1970-05-13,BR047031140
    0,1970-05-14,BR047031140
    0,1970-05-15,BR047031140
    0,1970-05-16,BR047031140
    0,1970-05-17,BR047031140
    0,1970-05-18,BR047031140
    0,1970-05-19,BR047031140
    0,1970-05-20,BR047031140
    0,1970-05-21,BR047031140
    0,1970-05-22,BR047031140
    0,1970-05-23,BR047031140
    0,1970-05-24,BR047031140
    0,1970-05-25,BR047031140
    0,1970-05-26,BR047031140
    0,1970-05-27,BR047031140
    0,1970-05-28,BR047031140
    0,1970-05-29,BR047031140
    0,1970-05-30,BR047031140
    0,1970-05-31,BR047031140
    0,1970-06-01,BR047031140
    0,1970-06-02,BR047031140
    0,1970-06-03,BR047031140
    0,1970-06-04,BR047031140
    0,1970-06-05,BR047031140
    0,1970-06-06,BR047031140
    0,1970-06-07,BR047031140
    0,1970-06-08,BR047031140
    0,1970-06-09,BR047031140
    0,1970-06-10,BR047031140
    0,1970-06-11,BR047031140
    0,1970-06-12,BR047031140
    0,1970-06-13,BR047031140
    0,1970-06-14,BR047031140
    0,1970-06-15,BR047031140
    0,1970-06-16,BR047031140
    0,1970-06-17,BR047031140
    0,1970-06-18,BR047031140
    0,1970-06-19,BR047031140
    0,1970-06-20,BR047031140
    0,1970-06-21,BR047031140
    0,1970-06-22,BR047031140
    0,1970-06-23,BR047031140
    0,1970-06-24,BR047031140
    0,1970-06-25,BR047031140
    0,1970-06-26,BR047031140
    0,1970-06-27,BR047031140
    0,1970-06-28,BR047031140
    0,1970-06-29,BR047031140
    0,1970-06-30,BR047031140
    0,1970-07-01,BR047031140
    0,1970-07-02,BR047031140
    0,1970-07-03,BR047031140
    0,1970-07-04,BR047031140
    0,1970-07-05,BR047031140
    0,1970-07-06,BR047031140
    0,1970-07-07,BR047031140
    0,1970-07-08,BR047031140
    0,1970-07-09,BR047031140
    0,1970-07-10,BR047031140
    0,1970-07-11,BR047031140
    0,1970-07-12,BR047031140
    0,1970-07-13,BR047031140
    0,1970-07-14,BR047031140
    0,1970-07-15,BR047031140
    0,1970-07-16,BR047031140
    0,1970-07-17,BR047031140
    0,1970-07-18,BR047031140
    0,1970-07-19,BR047031140
    0,1970-07-20,BR047031140
    0,1970-07-21,BR047031140
    0,1970-07-22,BR047031140
    0,1970-07-23,BR047031140
    0,1970-07-24,BR047031140
    0,1970-07-25,BR047031140
    0,1970-07-26,BR047031140
    0,1970-07-27,BR047031140
    0,1970-07-28,BR047031140
    0,1970-07-29,BR047031140
    0,1970-07-30,BR047031140
    0,1970-07-31,BR047031140
    0,1970-08-01,BR047031140
    0,1970-08-02,BR047031140
    0,1970-08-03,BR047031140
    0,1970-08-04,BR047031140
    0,1970-08-05,BR047031140
    0,1970-08-06,BR047031140
    0,1970-08-07,BR047031140
    0,1970-08-08,BR047031140
    0,1970-08-09,BR047031140
    0,1970-08-10,BR047031140
    0,1970-08-11,BR047031140
    0,1970-08-12,BR047031140
    0,1970-08-13,BR047031140
    0,1970-08-14,BR047031140
    0,1970-08-15,BR047031140
    0,1970-08-16,BR047031140
    0,1970-08-17,BR047031140
    0,1970-08-18,BR047031140
    0,1970-08-19,BR047031140
    0,1970-08-20,BR047031140
    0,1970-08-21,BR047031140
    0,1970-08-22,BR047031140
    0,1970-08-23,BR047031140
    0,1970-08-24,BR047031140
    0,1970-08-25,BR047031140
    0,1970-08-26,BR047031140
    0,1970-08-27,BR047031140
    0,1970-08-28,BR047031140
    0,1970-08-29,BR047031140
    0,1970-08-30,BR047031140
    0,1970-08-31,BR047031140
    0,1970-09-01,BR047031140
    0,1970-09-02,BR047031140
    0,1970-09-03,BR047031140
    0,1970-09-04,BR047031140
    0,1970-09-05,BR047031140
    0,1970-09-06,BR047031140
    0,1970-09-07,BR047031140
    0,1970-09-08,BR047031140
    0,1970-09-09,BR047031140
    0,1970-09-10,BR047031140
    0,1970-09-11,BR047031140
    0,1970-09-12,BR047031140
    0,1970-09-13,BR047031140
    0,1970-09-14,BR047031140
    0,1970-09-15,BR047031140
    0,1970-09-16,BR047031140
    0,1970-09-17,BR047031140
    0,1970-09-18,BR047031140
    0,1970-09-19,BR047031140
    0,1970-09-20,BR047031140
    0,1970-09-21,BR047031140
    0,1970-09-22,BR047031140
    0,1970-09-23,BR047031140
    0,1970-09-24,BR047031140
    0,1970-09-25,BR047031140
    0,1970-09-26,BR047031140
    0,1970-09-27,BR047031140
    0,1970-09-28,BR047031140
    0,1970-09-29,BR047031140
    0,1970-09-30,BR047031140
    0,1970-10-01,BR047031140
    0,1970-10-02,BR047031140
  243,1970-10-03,BR047031140
  122,1970-10-04,BR047031140
    0,1970-10-05,BR047031140
    0,1970-10-06,BR047031140
    0,1970-10-07,BR047031140
    0,1970-10-08,BR047031140
    0,1970-10-09,BR047031140
    0,1970-10-10,BR047031140
    0,1970-10-11,BR047031140
    0,1970-10-12,BR047031140
    0,1970-10-13,BR047031140
    0,1970-10-14,BR047031140
    0,1970-10-15,BR047031140
    0,1970-10-16,BR047031140
    0,1970-10-17,BR047031140
    0,1970-10-18,BR047031140
    0,1970-10-19,BR047031140
    0,1970-10-20,BR047031140
    0,1970-10-21,BR047031140
    0,1970-10-22,BR047031140
    0,1970-10-23,BR047031140
    0,1970-10-24,BR047031140
    0,1970-10-25,BR047031140
    0,1970-10-26,BR047031140
    0,1970-10-27,BR047031140
    0,1970-10-28,BR047031140
    0,1970-10-29,BR047031140
    0,1970-10-30,BR047031140
    0,1970-10-31,BR047031140
    0,1970-11-01,BR047031140
    0,1970-11-02,BR047031140
    0,1970-11-03,BR047031140
    0,1970-11-04,BR047031140
    0,1970-11-05,BR047031140
    0,1970-11-06,BR047031140
  150,1970-11-07,BR047031140
    0,1970-11-08,BR047031140
    0,1970-11-09,BR047031140
   83,1970-11-10,BR047031140
    0,1970-11-11,BR047031140
    0,1970-11-12,BR047031140
    0,1970-11-13,BR047031140
    0,1970-11-14,BR047031140
    0,1970-11-15,BR047031140
    0,1970-11-16,BR047031140
    0,1970-11-17,BR047031140
    0,1970-11-18,BR047031140
    0,1970-11-19,BR047031140
    0,1970-11-20,BR047031140
    0,1970-11-21,BR047031140
    0,1970-11-22,BR047031140
    0,1970-11-23,BR047031140
    0,1970-11-24,BR047031140
    0,1970-11-25,BR047031140
    0,1970-11-26,BR047031140
    0,1970-11-27,BR047031140
    0,1970-11-28,BR047031140
    0,1970-11-29,BR047031140
    0,1970-11-30,BR047031140
    0,1970-12-01,BR047031140
    0,1970-12-02,BR047031140
    0,1970-12-03,BR047031140
    0,1970-12-04,BR047031140
    0,1970-12-05,BR047031140
    0,1970-12-06,BR047031140
    0,1970-12-07,BR047031140
    0,1970-12-08,BR047031140
    0,1970-12-09,BR047031140
    0,1970-12-10,BR047031140
    0,1970-12-11,BR047031140
    0,1970-12-12,BR047031140
    0,1970-12-13,BR047031140
    0,1970-12-14,BR047031140
    0,1970-12-15,BR047031140
    0,1970-12-16,BR047031140
    0,1970-12-17,BR047031140
  382,1970-12-18,BR047031140
    0,1970-12-19,BR047031140
    0,1970-12-20,BR047031140
    0,1970-12-21,BR047031140
  183,1970-12-22,BR047031140
   90,1970-12-23,BR047031140
    0,1970-12-24,BR047031140
  112,1970-12-25,BR047031140
    0,1970-12-26,BR047031140
    0,1970-12-27,BR047031140
    0,1970-12-28,BR047031140
    0,1970-12-29,BR047031140
    0,1970-12-30,BR047031140
    0,1970-12-31,BR047031140
