TMAX,TMIN,PRCP,SNWD,DATE,STATION
,,,,1973-01-13,AF000040930
,,,,1973-03-26,AF000040930
,,,,1973-05-21,AF000040930
,,,,1973-06-11,AF000040930
,,,,1973-08-29,AF000040930
,,,,1973-10-10,AF000040930
,,,,1973-10-31,AF000040930
,,,,1973-11-08,AF000040930
,,,,1973-11-15,AF000040930
,,,,1973-11-18,AF000040930
,,,,1973-11-20,AF000040930
,,,,1973-11-25,AF000040930
    0,,,,1973-11-27,AF000040930
,,,,1973-12-06,AF000040930
,,,,1973-12-09,AF000040930
,,,,1973-12-10,AF000040930
,,,,1973-12-12,AF000040930
,,,,1973-12-13,AF000040930
,,,,1973-12-16,AF000040930
,,,,1973-12-23,AF000040930
,,,,1973-12-27,AF000040930
,,,,1974-01-11,AF000040930
,,,,1974-01-15,AF000040930
,,,,1974-01-16,AF000040930
,,,,1974-01-19,AF000040930
 -100,,,,1974-01-30,AF000040930
,,,,1974-01-31,AF000040930
,,,,1974-02-04,AF000040930
,,,,1974-02-05,AF000040930
,,,,1974-02-06,AF000040930
,,,,1974-02-07,AF000040930
,,,,1974-02-08,AF000040930
,,,,1974-02-09,AF000040930
,,,,1974-02-13,AF000040930
,,,,1974-02-16,AF000040930
, -140,,,1974-02-18,AF000040930
,,,,1974-02-19,AF000040930
,,,,1974-02-20,AF000040930
,,,,1974-02-21,AF000040930
,,,,1974-02-22,AF000040930
  -70,,,,1974-02-23,AF000040930
,,,,1974-02-24,AF000040930
,,,,1974-02-25,AF000040930
,,,,1974-02-26,AF000040930
,,,,1974-02-28,AF000040930
,,,,1974-03-01,AF000040930
,,,,1974-03-02,AF000040930
,,,,1974-03-03,AF000040930
,,,,1974-03-04,AF000040930
,,,,1974-03-06,AF000040930
, -150,,,1974-03-07,AF000040930
,,,,1974-03-08,AF000040930
,,,,1974-03-11,AF000040930
,,,,1974-03-12,AF000040930
,,,,1974-03-13,AF000040930
,,,,1974-03-14,AF000040930
,,,,1974-03-16,AF000040930
,,,,1974-03-17,AF000040930
,,,,1974-03-18,AF000040930
,,,,1974-03-21,AF000040930
,,,,1974-03-22,AF000040930
,,,,1974-03-25,AF000040930
,  -10,,,1974-03-26,AF000040930
,,,,1974-03-27,AF000040930
,,,,1974-03-28,AF000040930
,,,,1974-03-29,AF000040930
,,,,1974-03-31,AF000040930
,,,,1974-04-02,AF000040930
,,,,1974-04-05,AF000040930
,,,,1974-04-06,AF000040930
,  -30,,,1974-04-07,AF000040930
,,,,1974-04-19,AF000040930
,,,,1974-04-20,AF000040930
,,,,1974-04-21,AF000040930
,,,,1974-04-24,AF000040930
,,,,1974-04-25,AF000040930
  110,    0,,,1974-04-26,AF000040930
   70,,,,1974-04-27,AF000040930
,,,,1974-04-29,AF000040930
,,,,1974-05-01,AF000040930
,,,,1974-05-04,AF000040930
   90,  -10,,,1974-05-05,AF000040930
,,,,1974-05-07,AF000040930
,,,,1974-05-08,AF000040930
,,,,1974-05-11,AF000040930
,,,,1974-05-12,AF000040930
,,,,1974-05-13,AF000040930
,,,,1974-05-16,AF000040930
,,,,1974-05-17,AF000040930
,  -10,,,1974-05-19,AF000040930
,,,,1974-05-21,AF000040930
,,,,1974-05-24,AF000040930
,,,,1974-05-25,AF000040930
,,,,1974-05-26,AF000040930
,,,,1974-05-27,AF000040930
,,,,1974-05-28,AF000040930
,,,,1974-05-29,AF000040930
,,,,1974-06-01,AF000040930
,,,,1974-06-04,AF000040930
  100,,,,1974-06-11,AF000040930
,   10,,,1974-06-12,AF000040930
,,,,1974-06-13,AF000040930
,,,,1974-06-14,AF000040930
,,,,1974-06-15,AF000040930
,,,,1974-06-16,AF000040930
,,,,1974-06-17,AF000040930
,   40,,,1974-06-18,AF000040930
,,,,1974-06-20,AF000040930
,,,,1974-06-24,AF000040930
,,,,1974-06-25,AF000040930
,,,,1974-06-29,AF000040930
,,,,1974-07-02,AF000040930
,,,,1974-07-04,AF000040930
,,,,1974-07-07,AF000040930
,,,,1974-07-08,AF000040930
,,,,1974-07-09,AF000040930
,,,,1974-07-16,AF000040930
,,,,1974-07-19,AF000040930
,,,,1974-07-21,AF000040930
,,,,1974-07-23,AF000040930
,,,,1974-07-24,AF000040930
,,,,1974-07-26,AF000040930
,   40,,,1974-07-27,AF000040930
,,,,1974-07-29,AF000040930
,,,,1974-07-31,AF000040930
,,,,1974-08-03,AF000040930
  130,,,,1974-08-06,AF000040930
,,,,1974-08-08,AF000040930
,,,,1974-08-09,AF000040930
,,,,1974-08-10,AF000040930
,,,,1974-08-20,AF000040930
,   50,,,1974-08-24,AF000040930
,,,,1974-08-27,AF000040930
,,,,1974-08-28,AF000040930
,,,,1974-08-31,AF000040930
,,,,1974-09-01,AF000040930
,,,,1974-09-02,AF000040930
,,,,1974-09-03,AF000040930
,   40,,,1974-09-04,AF000040930
,,,,1974-09-05,AF000040930
,,,,1974-09-06,AF000040930
,,,,1974-09-07,AF000040930
,  -10,,,1974-09-08,AF000040930
,,,,1974-09-09,AF000040930
,,,,1974-09-11,AF000040930
,,,,1974-09-12,AF000040930
,    0,,,1974-09-15,AF000040930
,   10,,,1974-09-17,AF000040930
,,,,1974-09-22,AF000040930
,,,,1974-09-23,AF000040930
,,,,1974-09-24,AF000040930
,,,,1974-10-06,AF000040930
,  -50,,,1974-10-07,AF000040930
,,,,1974-10-09,AF000040930
,,,,1974-10-13,AF000040930
,,,,1974-10-14,AF000040930
,,,,1974-10-24,AF000040930
,,,,1974-10-25,AF000040930
,  -30,,,1974-10-30,AF000040930
,  -50,,,1974-11-03,AF000040930
,,,,1974-11-10,AF000040930
    0,  -80,,,1974-11-12,AF000040930
, -120,,,1974-11-13,AF000040930
,,,,1974-11-22,AF000040930
,,,,1974-11-24,AF000040930
  -20,,,,1974-11-28,AF000040930
,,,,1974-12-02,AF000040930
,,,,1974-12-19,AF000040930
, -100,,,1974-12-27,AF000040930
,,,,1974-12-29,AF000040930
, -150,,,1975-01-02,AF000040930
,,,,1975-01-03,AF000040930
,,,,1975-01-05,AF000040930
,,,,1975-01-06,AF000040930
,,,,1975-01-30,AF000040930
, -130,,,1975-02-03,AF000040930
,,,,1975-02-09,AF000040930
,,,,1975-02-10,AF000040930
  -50,,,,1975-02-11,AF000040930
,,,,1975-02-16,AF000040930
, -170,,,1975-02-19,AF000040930
,,,,1975-03-02,AF000040930
  -20,,,,1975-03-04,AF000040930
,,,,1975-03-06,AF000040930
  -70,,,,1975-03-08,AF000040930
, -130,,,1975-03-09,AF000040930
,,,,1975-03-12,AF000040930
, -140,,,1975-03-13,AF000040930
, -100,,,1975-03-14,AF000040930
,,,,1975-03-19,AF000040930
  -30,,,,1975-03-21,AF000040930
,  -90,,,1975-03-25,AF000040930
,,,,1975-04-04,AF000040930
,,,,1975-04-05,AF000040930
   20,  -70,,,1975-04-06,AF000040930
  -50,,,,1975-04-09,AF000040930
,,,,1975-04-10,AF000040930
,,,,1975-04-14,AF000040930
,,,,1975-04-16,AF000040930
,,,,1975-04-17,AF000040930
,,,,1975-04-18,AF000040930
,,,,1975-04-19,AF000040930
,,,,1975-04-20,AF000040930
,,,,1975-04-21,AF000040930
,,,,1975-04-22,AF000040930
,,,,1975-04-24,AF000040930
,,,,1975-04-26,AF000040930
,,,,1975-04-28,AF000040930
,,,,1975-04-29,AF000040930
,,,,1975-05-04,AF000040930
,,,,1975-05-05,AF000040930
,,,,1975-05-06,AF000040930
,  -10,,,1975-05-08,AF000040930
,,,,1975-05-11,AF000040930
,,,,1975-05-12,AF000040930
,   20,,,1975-05-14,AF000040930
,,,,1975-05-17,AF000040930
  110,,,,1975-05-18,AF000040930
,  -10,,,1975-05-22,AF000040930
,,,,1975-05-24,AF000040930
,   10,,,1975-05-26,AF000040930
,   30,,,1975-05-29,AF000040930
,,,,1975-06-03,AF000040930
,,,,1975-06-04,AF000040930
,,,,1975-06-05,AF000040930
,,,,1975-06-08,AF000040930
,,,,1975-06-09,AF000040930
,,,,1975-06-10,AF000040930
,,,,1975-06-12,AF000040930
,   30,,,1975-06-13,AF000040930
,,,,1975-06-14,AF000040930
,,,,1975-06-18,AF000040930
,,,,1975-06-19,AF000040930
,,,,1975-06-20,AF000040930
,,,,1975-06-22,AF000040930
,,,,1975-06-23,AF000040930
,,,,1975-06-24,AF000040930
,,,,1975-06-25,AF000040930
,   40,,,1975-06-27,AF000040930
,,,,1975-06-29,AF000040930
,,,,1975-06-30,AF000040930
,   50,,,1975-07-24,AF000040930
,,,,1975-07-25,AF000040930
,,,,1975-07-27,AF000040930
,   60,,,1975-07-29,AF000040930
,    0,,,1975-07-30,AF000040930
,,,,1975-08-02,AF000040930
,,,,1975-08-03,AF000040930
,   80,,,1975-08-04,AF000040930
,   30,,,1975-08-05,AF000040930
,   50,,,1975-08-06,AF000040930
,   60,,,1975-08-07,AF000040930
,,,,1975-08-08,AF000040930
,,,,1975-08-09,AF000040930
,,,,1975-08-11,AF000040930
,   80,,,1975-08-12,AF000040930
,,,,1975-08-13,AF000040930
,,,,1975-08-14,AF000040930
,,,,1975-08-15,AF000040930
,  100,,,1975-08-16,AF000040930
,,,,1975-08-18,AF000040930
,    0,,,1975-08-23,AF000040930
,   50,,,1975-08-25,AF000040930
,,,,1975-08-26,AF000040930
,   30,,,1975-08-27,AF000040930
,   10,,,1975-08-28,AF000040930
,    0,,,1975-08-29,AF000040930
,,,,1975-08-30,AF000040930
,   40,,,1975-08-31,AF000040930
,,,,1975-09-01,AF000040930
,   50,,,1975-09-02,AF000040930
,,,,1975-09-04,AF000040930
,   40,,,1975-09-05,AF000040930
,   10,,,1975-09-06,AF000040930
,,,,1975-09-07,AF000040930
,    0,,,1975-09-08,AF000040930
,   40,,,1975-09-09,AF000040930
,   50,,,1975-09-10,AF000040930
,   40,,,1975-09-11,AF000040930
,   40,,,1975-09-12,AF000040930
,,,,1975-09-13,AF000040930
,,,,1975-09-14,AF000040930
,,,,1975-09-15,AF000040930
,,,,1975-09-16,AF000040930
,   20,,,1975-09-17,AF000040930
,,,,1975-09-19,AF000040930
,  -20,,,1975-09-20,AF000040930
,  -30,,,1975-09-21,AF000040930
,  -20,,,1975-09-23,AF000040930
,,,,1975-09-25,AF000040930
,  -20,,,1975-09-26,AF000040930
,  -40,,,1975-09-27,AF000040930
,  -30,,,1975-09-29,AF000040930
,  -40,,,1975-09-30,AF000040930
,,,,1975-10-01,AF000040930
,   10,,,1975-10-03,AF000040930
,,,,1975-10-04,AF000040930
,   20,,,1975-10-05,AF000040930
,   30,,,1975-10-08,AF000040930
,,,,1975-10-20,AF000040930
,,,,1975-10-21,AF000040930
, -100,,,1975-10-22,AF000040930
,  -60,,,1975-10-23,AF000040930
,,,,1975-10-24,AF000040930
, -100,,,1975-10-25,AF000040930
,,,,1975-10-26,AF000040930
,  -50,,,1975-10-27,AF000040930
,  -10,,,1975-10-28,AF000040930
,  -30,,,1975-10-29,AF000040930
,,,,1975-11-03,AF000040930
, -140,,,1975-11-07,AF000040930
,,,,1975-11-08,AF000040930
,,,,1975-11-09,AF000040930
,,,,1975-11-10,AF000040930
,,,,1975-11-11,AF000040930
,,,,1975-11-12,AF000040930
,,,,1975-11-13,AF000040930
,,,,1975-11-16,AF000040930
,,,,1975-11-17,AF000040930
,,,,1975-11-18,AF000040930
,,,,1975-11-26,AF000040930
,,,,1975-11-30,AF000040930
,,,,1975-12-01,AF000040930
,,,,1975-12-02,AF000040930
,  -80,,,1975-12-03,AF000040930
,,,,1975-12-05,AF000040930
,,,,1975-12-06,AF000040930
,,,,1975-12-08,AF000040930
, -170,,,1975-12-09,AF000040930
,,,,1975-12-11,AF000040930
, -120,,,1975-12-13,AF000040930
,,,,1975-12-15,AF000040930
,,,,1975-12-16,AF000040930
  -50,,,,1975-12-17,AF000040930
, -130,,,1975-12-19,AF000040930
  -40,,,,1975-12-20,AF000040930
,,,,1975-12-21,AF000040930
,,,,1975-12-22,AF000040930
,  -80,,,1975-12-28,AF000040930
,  -90,,,1975-12-29,AF000040930
,  -80,,,1976-01-01,AF000040930
,,,,1976-01-02,AF000040930
,,,,1976-01-03,AF000040930
, -130,,,1976-01-04,AF000040930
, -130,,,1976-01-05,AF000040930
,  -80,,,1976-01-09,AF000040930
  -30, -100,,,1976-01-10,AF000040930
, -110,,,1976-01-11,AF000040930
,  -90,,,1976-01-12,AF000040930
,,,,1976-01-13,AF000040930
,,,,1976-01-15,AF000040930
,,,,1976-01-16,AF000040930
,,,,1976-01-17,AF000040930
,,,,1976-01-18,AF000040930
,,,,1976-01-19,AF000040930
  -20,,,,1976-01-20,AF000040930
, -110,,,1976-01-21,AF000040930
,,,,1976-01-22,AF000040930
,  -70,,,1976-01-23,AF000040930
, -130,,,1976-01-24,AF000040930
,,,,1976-01-26,AF000040930
,,,,1976-01-27,AF000040930
,,,,1976-01-28,AF000040930
, -150,,,1976-01-29,AF000040930
, -110,,,1976-01-30,AF000040930
,,,,1976-01-31,AF000040930
  -60, -110,,,1976-02-01,AF000040930
, -170,,,1976-02-04,AF000040930
  100,,,,1976-02-05,AF000040930
  -20,,,,1976-02-06,AF000040930
,  -80,,,1976-02-07,AF000040930
, -110,,,1976-02-08,AF000040930
,,,,1976-02-09,AF000040930
  -20,  -80,,,1976-02-10,AF000040930
,,,,1976-02-11,AF000040930
,  -80,,,1976-02-12,AF000040930
,,,,1976-02-13,AF000040930
,,,,1976-02-14,AF000040930
,,,,1976-02-15,AF000040930
, -130,,,1976-02-18,AF000040930
,,,,1976-02-19,AF000040930
, -180,,,1976-02-20,AF000040930
,,,,1976-02-21,AF000040930
  -70,,,,1976-02-22,AF000040930
  -40,,,,1976-02-23,AF000040930
  -30, -100,,,1976-02-24,AF000040930
 -150, -240,,,1976-02-26,AF000040930
, -180,,,1976-02-28,AF000040930
  -30,  -50,,,1976-02-29,AF000040930
    0,  -60,,,1976-03-02,AF000040930
,,,,1976-03-05,AF000040930
  -40,,,,1976-03-06,AF000040930
, -100,,,1976-03-07,AF000040930
,,,,1976-03-08,AF000040930
,,,,1976-03-09,AF000040930
  -50, -120,,,1976-03-11,AF000040930
,  -90,,,1976-03-12,AF000040930
, -110,,,1976-03-13,AF000040930
, -100,,,1976-03-14,AF000040930
,  -80,,,1976-03-15,AF000040930
,,,,1976-03-16,AF000040930
,,,,1976-03-17,AF000040930
,,,,1976-03-18,AF000040930
  -20,,,,1976-03-21,AF000040930
,,,,1976-03-22,AF000040930
   10,,,,1976-03-23,AF000040930
,  -70,,,1976-03-26,AF000040930
, -120,,,1976-03-27,AF000040930
  -50,,,,1976-03-29,AF000040930
,,,,1976-03-30,AF000040930
,,,,1976-04-02,AF000040930
,,,,1976-04-04,AF000040930
  -40,,,,1976-04-05,AF000040930
,  -90,,,1976-04-06,AF000040930
,  -80,,,1976-04-07,AF000040930
,,,,1976-04-10,AF000040930
,,,,1976-04-11,AF000040930
,,,,1976-04-19,AF000040930
,   20,,,1976-04-21,AF000040930
,  -40,,,1976-04-28,AF000040930
,  -40,,,1976-04-29,AF000040930
,,,,1976-05-06,AF000040930
,   20,,,1976-06-26,AF000040930
,   70,,,1976-07-04,AF000040930
,   90,,,1976-07-21,AF000040930
,,,,1976-07-26,AF000040930
,   50,,,1976-07-27,AF000040930
,   70,,,1976-07-31,AF000040930
,,,,1976-08-01,AF000040930
,,,,1976-08-08,AF000040930
,,,,1976-08-16,AF000040930
,   50,,,1976-08-17,AF000040930
,   30,,,1976-08-22,AF000040930
,,,,1976-08-28,AF000040930
,   90,,,1976-08-31,AF000040930
  140,,,,1976-09-02,AF000040930
,   40,,,1976-09-03,AF000040930
,   40,,,1976-09-04,AF000040930
  120,,,,1976-09-08,AF000040930
,,,,1976-09-09,AF000040930
  120,   10,,,1976-09-10,AF000040930
   90,   10,,,1976-09-12,AF000040930
,   20,,,1976-09-19,AF000040930
,   20,,,1976-09-21,AF000040930
,   30,,,1976-09-22,AF000040930
  130,,,,1976-09-29,AF000040930
,    0,,,1976-10-10,AF000040930
,    0,,,1976-10-20,AF000040930
   40,,,,1976-10-23,AF000040930
, -170,,,1976-10-24,AF000040930
   80,  -10,,,1976-10-27,AF000040930
,,,,1976-11-04,AF000040930
,  -70,,,1976-11-08,AF000040930
,,,,1976-11-09,AF000040930
    0, -120,,,1976-11-12,AF000040930
, -160,,,1976-11-15,AF000040930
, -100,,,1976-11-17,AF000040930
    0,  -80,,,1976-11-20,AF000040930
   20,,,,1976-11-24,AF000040930
   30,,,,1976-11-25,AF000040930
,,,,1976-11-27,AF000040930
,,,,1976-11-29,AF000040930
, -120,,,1976-12-01,AF000040930
, -130,,,1976-12-02,AF000040930
  -60,,,,1976-12-05,AF000040930
  -40,,,,1976-12-09,AF000040930
,,,,1976-12-10,AF000040930
  -30,,,,1976-12-11,AF000040930
  -30,,,,1976-12-13,AF000040930
,,,,1976-12-14,AF000040930
  -10,,,,1976-12-15,AF000040930
  -20, -120,,,1976-12-16,AF000040930
,,,,1976-12-17,AF000040930
,,,,1976-12-18,AF000040930
   10,,,,1976-12-19,AF000040930
,,,,1976-12-20,AF000040930
  -40,,,,1976-12-21,AF000040930
  -40,,,,1976-12-22,AF000040930
  -40,,,,1976-12-23,AF000040930
,,,,1976-12-24,AF000040930
  -90, -150,,,1976-12-26,AF000040930
  -70,,,,1976-12-27,AF000040930
,,,,1976-12-29,AF000040930
,,,,1976-12-31,AF000040930
,,,,1977-01-01,AF000040930
,,,,1977-01-03,AF000040930
,  -90,,,1977-01-04,AF000040930
, -160,,,1977-01-05,AF000040930
  -70,,,,1977-01-06,AF000040930
, -180,,,1977-01-07,AF000040930
  -40,,,,1977-01-08,AF000040930
  -40,,,,1977-01-09,AF000040930
, -220,,,1977-01-11,AF000040930
, -220,,,1977-01-12,AF000040930
, -130,,,1977-01-13,AF000040930
,,,,1977-01-14,AF000040930
, -190,,,1977-01-15,AF000040930
 -110, -190,,,1977-01-16,AF000040930
  -30, -120,,,1977-01-17,AF000040930
, -120,,,1977-01-18,AF000040930
,,,,1977-01-21,AF000040930
  -80, -130,,,1977-01-23,AF000040930
,,,,1977-01-28,AF000040930
,,,,1977-01-30,AF000040930
  -90,,,,1977-01-31,AF000040930
  -90, -130,,,1977-02-01,AF000040930
  -90,,,,1977-02-04,AF000040930
, -200,,,1977-02-05,AF000040930
,,,,1977-02-06,AF000040930
, -100,,,1977-02-07,AF000040930
,,,,1977-02-08,AF000040930
,,,,1977-02-09,AF000040930
, -110,,,1977-02-11,AF000040930
,,,,1977-02-12,AF000040930
, -120,,,1977-02-13,AF000040930
  -50, -150,,,1977-02-14,AF000040930
, -160,,,1977-02-15,AF000040930
   20,,,,1977-02-16,AF000040930
, -110,,,1977-02-17,AF000040930
   30,,,,1977-02-18,AF000040930
, -120,,,1977-02-19,AF000040930
,,,,1977-02-20,AF000040930
,,,,1977-02-21,AF000040930
    0,,,,1977-02-22,AF000040930
  -10,,,,1977-02-23,AF000040930
,,,,1977-02-24,AF000040930
,,,,1977-02-25,AF000040930
,,,,1977-02-26,AF000040930
  -60, -210,,,1977-02-27,AF000040930
,,,,1977-02-28,AF000040930
  -50,,,,1977-03-01,AF000040930
,,,,1977-03-02,AF000040930
,,,,1977-03-03,AF000040930
,,,,1977-03-05,AF000040930
,,,,1977-03-06,AF000040930
,,,,1977-03-08,AF000040930
,,,,1977-03-09,AF000040930
,,,,1977-03-10,AF000040930
, -120,,,1977-03-11,AF000040930
,  -50,,,1977-03-12,AF000040930
   20,,,,1977-03-14,AF000040930
   10,,,,1977-03-15,AF000040930
  -10,,,,1977-03-16,AF000040930
,,,,1977-03-18,AF000040930
, -130,,,1977-03-19,AF000040930
,  -40,,,1977-03-20,AF000040930
   50,  -30,,,1977-03-21,AF000040930
   90,,,,1977-03-23,AF000040930
,,,,1977-03-24,AF000040930
   40,,,,1977-03-25,AF000040930
,  -50,,,1977-03-26,AF000040930
   40,  -40,,,1977-03-27,AF000040930
,,,,1977-03-28,AF000040930
,,,,1977-03-29,AF000040930
,,,,1977-03-30,AF000040930
,,,,1977-03-31,AF000040930
   30,,,,1977-04-02,AF000040930
,  -30,,,1977-04-24,AF000040930
,,,,1977-04-25,AF000040930
   80,  -10,,,1977-05-10,AF000040930
,,,,1977-05-11,AF000040930
,,,,1977-05-12,AF000040930
,,,,1977-05-15,AF000040930
,,,,1977-05-18,AF000040930
  100,,,,1977-05-20,AF000040930
,    0,,,1977-05-21,AF000040930
,,,,1977-05-23,AF000040930
,,,,1977-05-24,AF000040930
,   50,,,1977-05-25,AF000040930
  130,   40,,,1977-05-26,AF000040930
   90,  -10,,,1977-06-02,AF000040930
,,,,1977-06-07,AF000040930
  110,   30,,,1977-06-08,AF000040930
,   40,,,1977-06-11,AF000040930
  110,,,,1977-06-12,AF000040930
  110,   40,,,1977-06-13,AF000040930
  120,,,,1977-06-15,AF000040930
,   50,,,1977-06-16,AF000040930
  160,,,,1977-06-19,AF000040930
  170,   70,,,1977-06-20,AF000040930
,,,,1977-06-22,AF000040930
,,,,1977-06-24,AF000040930
,   60,,,1977-06-28,AF000040930
,,,,1977-06-30,AF000040930
,   50,,,1977-07-01,AF000040930
,,,,1977-07-03,AF000040930
,   70,,,1977-07-04,AF000040930
,,,,1977-07-07,AF000040930
,   90,,,1977-07-08,AF000040930
  180,  100,,,1977-07-09,AF000040930
,   90,,,1977-07-10,AF000040930
,   90,,,1977-07-11,AF000040930
  140,,,,1977-07-16,AF000040930
,   40,,,1977-07-17,AF000040930
,,,,1977-07-18,AF000040930
,,,,1977-07-19,AF000040930
,,,,1977-07-20,AF000040930
  150,   70,,,1977-07-22,AF000040930
,   50,,,1977-08-02,AF000040930
,   30,,,1977-08-05,AF000040930
,,,,1977-08-06,AF000040930
,,,,1977-08-07,AF000040930
  140,   40,,,1977-08-08,AF000040930
,,,,1977-08-09,AF000040930
,,,,1977-08-10,AF000040930
  160,,,,1977-08-11,AF000040930
,,,,1977-08-12,AF000040930
,,,,1977-08-13,AF000040930
  130,,,,1977-08-14,AF000040930
,,,,1977-08-15,AF000040930
,,,,1977-08-16,AF000040930
,,,,1977-08-17,AF000040930
,,,,1977-08-18,AF000040930
  120,,,,1977-08-21,AF000040930
  130,,,,1977-08-22,AF000040930
,   50,,,1977-08-23,AF000040930
,   40,,,1977-08-24,AF000040930
,,,,1977-08-25,AF000040930
  140,   50,,,1977-08-26,AF000040930
  150,,,,1977-08-29,AF000040930
  140,   30,,,1977-08-30,AF000040930
,,,,1977-09-02,AF000040930
  130,,,,1977-09-05,AF000040930
   90,,,,1977-09-06,AF000040930
,   20,,,1977-09-26,AF000040930
  120,,,,1977-09-27,AF000040930
,  -10,,,1977-09-28,AF000040930
,   10,,,1977-09-29,AF000040930
,,,,1977-09-30,AF000040930
   80,,,,1977-10-01,AF000040930
,  -10,,,1977-10-02,AF000040930
,,,,1977-10-04,AF000040930
  100,,,,1977-10-05,AF000040930
   90,   10,,,1977-10-06,AF000040930
,,,,1977-10-09,AF000040930
   90,   10,,,1977-10-10,AF000040930
  110,   30,,,1977-10-11,AF000040930
  110,    0,,,1977-10-13,AF000040930
   50,  -30,,,1977-10-16,AF000040930
,  -20,,,1977-10-17,AF000040930
,,,,1977-10-21,AF000040930
  120,   60,,,1977-10-22,AF000040930
,,,,1977-10-23,AF000040930
,,,,1977-10-24,AF000040930
,,,,1977-10-26,AF000040930
,   10,,,1977-10-27,AF000040930
   50,,,,1977-10-29,AF000040930
   80,,,,1977-10-31,AF000040930
,   30,,,1977-11-01,AF000040930
,,,,1977-11-02,AF000040930
,,,,1977-11-03,AF000040930
,,,,1977-11-05,AF000040930
,,,,1977-11-07,AF000040930
,  -90,,,1977-11-09,AF000040930
   20,  -60,,,1977-11-10,AF000040930
    0,,,,1977-11-12,AF000040930
  -20,,,,1977-11-19,AF000040930
  -10,,,,1977-11-21,AF000040930
   10,,,,1977-11-22,AF000040930
,  -70,,,1977-11-23,AF000040930
    0,,,,1977-11-25,AF000040930
,,,,1977-11-26,AF000040930
, -120,,,1977-11-27,AF000040930
   70,,,,1977-11-28,AF000040930
,,,,1977-11-30,AF000040930
,  -90,,,1977-12-01,AF000040930
  -10,  -70,,,1977-12-02,AF000040930
,  -80,,,1977-12-03,AF000040930
,,,,1977-12-05,AF000040930
,  -80,,,1977-12-06,AF000040930
,  -70,,,1977-12-07,AF000040930
   20,  -70,,,1977-12-08,AF000040930
,,,,1977-12-09,AF000040930
,,,,1977-12-11,AF000040930
, -130,,,1977-12-12,AF000040930
  -20,,,,1977-12-13,AF000040930
,,,,1977-12-14,AF000040930
,,,,1977-12-15,AF000040930
   30,  -50,,,1977-12-16,AF000040930
,  -50,,,1977-12-17,AF000040930
,,,,1977-12-18,AF000040930
  -20, -130,,,1977-12-19,AF000040930
  -60, -140,,,1977-12-20,AF000040930
,,,,1977-12-21,AF000040930
  -70,,,,1977-12-22,AF000040930
,  -80,,,1977-12-23,AF000040930
  -60,,,,1977-12-24,AF000040930
,,,,1977-12-25,AF000040930
 -100,,,,1977-12-26,AF000040930
 -100,,,,1977-12-27,AF000040930
  -30,,,,1977-12-28,AF000040930
  -60,,,,1977-12-29,AF000040930
  -80,,,,1977-12-31,AF000040930
  -90, -170,,,1978-01-01,AF000040930
  -90,,,,1978-01-02,AF000040930
,,,,1978-01-03,AF000040930
  -60,,,,1978-01-04,AF000040930
,,,,1978-01-05,AF000040930
,,,,1978-01-06,AF000040930
,,,,1978-01-07,AF000040930
,,,,1978-01-08,AF000040930
, -160,,,1978-01-09,AF000040930
, -100,,,1978-01-10,AF000040930
  -50,  -90,,,1978-01-12,AF000040930
,,,,1978-01-13,AF000040930
, -260,,,1978-01-14,AF000040930
,,,,1978-01-15,AF000040930
,,,,1978-01-18,AF000040930
, -120,,,1978-01-20,AF000040930
  -50,,,,1978-01-21,AF000040930
,,,,1978-01-22,AF000040930
 -100,,,,1978-01-23,AF000040930
 -100,,,,1978-01-24,AF000040930
  -90,,,,1978-01-25,AF000040930
  -90,,,,1978-01-26,AF000040930
 -100,,,,1978-01-27,AF000040930
  -90,,,,1978-01-28,AF000040930
, -200,,,1978-01-29,AF000040930
,,,,1978-01-30,AF000040930
,,,,1978-01-31,AF000040930
  -80,,,,1978-02-02,AF000040930
, -120,,,1978-02-03,AF000040930
 -110,,,,1978-02-05,AF000040930
 -110,,,,1978-02-06,AF000040930
, -240,,,1978-02-07,AF000040930
 -100,,,,1978-02-09,AF000040930
  -80, -130,,,1978-02-10,AF000040930
, -110,,,1978-02-11,AF000040930
  -70,,,,1978-02-12,AF000040930
  -60,  -90,,,1978-02-13,AF000040930
  -70,,,,1978-02-14,AF000040930
 -100, -170,,,1978-02-15,AF000040930
  -90, -210,,,1978-02-16,AF000040930
  -60, -160,,,1978-02-17,AF000040930
  -40, -130,,,1978-02-18,AF000040930
  -60, -140,,,1978-02-19,AF000040930
, -130,,,1978-02-20,AF000040930
  -10,  -90,,,1978-02-21,AF000040930
  -30, -110,,,1978-02-22,AF000040930
  -30,  -80,,,1978-02-23,AF000040930
  -30,  -70,,,1978-02-24,AF000040930
,  -60,,,1978-02-25,AF000040930
    0,,,,1978-02-26,AF000040930
  -30,,,,1978-02-27,AF000040930
  -50,  -70,,,1978-02-28,AF000040930
  -30, -110,,,1978-03-02,AF000040930
, -110,,,1978-03-03,AF000040930
  -30, -120,,,1978-03-04,AF000040930
,,,,1978-03-05,AF000040930
, -170,,,1978-03-06,AF000040930
,  -80,,,1978-03-07,AF000040930
  -40,,,,1978-03-09,AF000040930
  -40, -150,,,1978-03-10,AF000040930
, -160,,,1978-03-11,AF000040930
, -130,,,1978-03-12,AF000040930
,  -50,,,1978-03-13,AF000040930
   40,  -40,,,1978-03-14,AF000040930
  -20,,,,1978-03-15,AF000040930
  -80,,,,1978-03-17,AF000040930
, -200,,,1978-03-18,AF000040930
,,,,1978-03-19,AF000040930
, -140,,,1978-03-21,AF000040930
  -30, -130,,,1978-03-22,AF000040930
  -30, -130,,,1978-03-23,AF000040930
  -50,,,,1978-03-24,AF000040930
  -30,,,,1978-03-26,AF000040930
  -20,,,,1978-03-27,AF000040930
,,,,1978-03-28,AF000040930
  -30, -100,,,1978-03-29,AF000040930
,,,,1978-03-30,AF000040930
, -130,,,1978-03-31,AF000040930
   20,  -90,,,1978-04-01,AF000040930
  -10,,,,1978-04-02,AF000040930
    0,  -80,,,1978-04-03,AF000040930
   30,  -40,,,1978-04-06,AF000040930
,  -20,,,1978-04-07,AF000040930
   90,,,,1978-04-08,AF000040930
   40,  -10,,,1978-04-09,AF000040930
,    0,,,1978-04-29,AF000040930
,   20,,,1978-05-13,AF000040930
  110,   30,,,1978-05-15,AF000040930
,   20,,,1978-05-16,AF000040930
  100,   10,,,1978-05-17,AF000040930
,   10,,,1978-05-19,AF000040930
,   10,,,1978-05-20,AF000040930
,   20,,,1978-05-22,AF000040930
,   20,,,1978-05-23,AF000040930
   90,,,,1978-05-26,AF000040930
   80,    0,,,1978-05-27,AF000040930
,   30,,,1978-05-30,AF000040930
  110,,,,1978-05-31,AF000040930
,   30,,,1978-06-01,AF000040930
  150,   70,,,1978-06-02,AF000040930
,   40,,,1978-06-03,AF000040930
  140,,,,1978-06-04,AF000040930
  120,   30,,,1978-06-05,AF000040930
,   20,,,1978-06-06,AF000040930
,   30,,,1978-06-11,AF000040930
  150,   40,,,1978-06-12,AF000040930
,   20,,,1978-06-13,AF000040930
  120,   40,,,1978-06-16,AF000040930
,   50,,,1978-06-19,AF000040930
,   50,,,1978-06-20,AF000040930
  140,,,,1978-07-05,AF000040930
  140,   60,,,1978-07-06,AF000040930
   90,,,,1978-07-07,AF000040930
,   20,,,1978-07-08,AF000040930
  190,   20,,,1978-07-09,AF000040930
,   30,,,1978-07-10,AF000040930
  140,   50,,,1978-07-12,AF000040930
,   50,,,1978-07-13,AF000040930
  170,   80,,,1978-07-15,AF000040930
  180,   90,,,1978-07-16,AF000040930
  160,   80,,,1978-07-19,AF000040930
,   70,,,1978-07-20,AF000040930
,   70,,,1978-07-21,AF000040930
,,,,1978-07-22,AF000040930
,,,,1978-07-23,AF000040930
  170,   60,,,1978-07-25,AF000040930
  180,   60,,,1978-07-26,AF000040930
  170,   80,,,1978-07-27,AF000040930
,,,,1978-07-28,AF000040930
  140,   60,,,1978-07-29,AF000040930
,   60,,,1978-07-30,AF000040930
,   70,,,1978-07-31,AF000040930
  130,   50,,,1978-08-01,AF000040930
  140,,,,1978-08-02,AF000040930
  140,   40,,,1978-08-03,AF000040930
,   30,,,1978-08-04,AF000040930
,   30,,,1978-08-05,AF000040930
  160,   60,,,1978-08-07,AF000040930
  170,   90,,,1978-08-09,AF000040930
  180,,,,1978-08-10,AF000040930
  150,   50,,,1978-08-11,AF000040930
  140,   60,,,1978-08-12,AF000040930
  150,   50,,,1978-08-13,AF000040930
  140,   60,,,1978-08-14,AF000040930
  150,   60,,,1978-08-15,AF000040930
  160,   80,,,1978-08-16,AF000040930
  180,   90,,,1978-08-17,AF000040930
,,,,1978-08-18,AF000040930
,,,,1978-08-19,AF000040930
  130,   30,,,1978-08-22,AF000040930
,   20,,,1978-08-23,AF000040930
  150,   50,,,1978-08-24,AF000040930
  160,,,,1978-08-25,AF000040930
  130,   30,,,1978-08-27,AF000040930
  130,   30,,,1978-08-28,AF000040930
  150,   50,,,1978-08-29,AF000040930
  120,   10,,,1978-08-30,AF000040930
,    0,,,1978-08-31,AF000040930
,    0,,,1978-09-01,AF000040930
  110,   10,,,1978-09-02,AF000040930
,   20,,,1978-09-03,AF000040930
,    0,,,1978-09-05,AF000040930
  130,   10,,,1978-09-06,AF000040930
  130,   30,,,1978-09-07,AF000040930
,   30,,,1978-09-09,AF000040930
,   30,,,1978-09-12,AF000040930
  120,,,,1978-09-13,AF000040930
  120,   30,,,1978-09-14,AF000040930
,,,,1978-09-15,AF000040930
,   10,,,1978-09-16,AF000040930
,,,,1978-09-17,AF000040930
   90,  -10,,,1978-09-18,AF000040930
,  -10,,,1978-09-19,AF000040930
,  -10,,,1978-09-20,AF000040930
,   10,,,1978-09-21,AF000040930
,   20,,,1978-09-22,AF000040930
,   30,,,1978-09-23,AF000040930
  130,   20,,,1978-09-25,AF000040930
  130,,,,1978-09-26,AF000040930
,  -10,,,1978-09-27,AF000040930
,  -20,,,1978-09-29,AF000040930
,  -10,,,1978-09-30,AF000040930
  110,,,,1978-10-02,AF000040930
,  -40,,,1978-10-04,AF000040930
   80,  -50,,,1978-10-05,AF000040930
   40,  -40,,,1978-10-06,AF000040930
,  -20,,,1978-10-08,AF000040930
,  -30,,,1978-10-10,AF000040930
,  -40,,,1978-10-12,AF000040930
   90,  -20,,,1978-10-13,AF000040930
   80,,,,1978-10-14,AF000040930
   50,  -30,,,1978-10-16,AF000040930
,  -10,,,1978-10-17,AF000040930
,,,,1978-10-18,AF000040930
   60,  -30,,,1978-10-19,AF000040930
   60,  -10,,,1978-10-20,AF000040930
,  -20,,,1978-10-21,AF000040930
,   10,,,1978-10-23,AF000040930
  100,    0,,,1978-10-24,AF000040930
   70,  -30,,,1978-10-25,AF000040930
,  -40,,,1978-10-26,AF000040930
,,,,1978-10-27,AF000040930
   90,,,,1978-10-28,AF000040930
   50,  -30,,,1978-10-29,AF000040930
,  -10,,,1978-11-01,AF000040930
,  -90,,,1978-11-04,AF000040930
,,,,1978-11-05,AF000040930
  -20, -150,,,1978-11-06,AF000040930
, -140,,,1978-11-07,AF000040930
,,,,1978-11-08,AF000040930
,  -50,,,1978-11-09,AF000040930
,  -20,,,1978-11-10,AF000040930
,,,,1978-11-11,AF000040930
   40,,,,1978-11-12,AF000040930
  -30,  -80,,,1978-11-13,AF000040930
,,,,1978-11-14,AF000040930
, -100,,,1978-11-16,AF000040930
   20, -100,,,1978-11-18,AF000040930
   10,  -90,,,1978-11-19,AF000040930
  -20,,,,1978-11-20,AF000040930
, -160,,,1978-11-21,AF000040930
,,,,1978-11-23,AF000040930
, -150,,,1978-11-24,AF000040930
  -40, -150,,,1978-11-25,AF000040930
  -20,,,,1978-11-26,AF000040930
, -170,,,1978-11-27,AF000040930
,,,,1978-11-29,AF000040930
,,,,1978-11-30,AF000040930
  -60,,,,1978-12-01,AF000040930
, -110,,,1978-12-02,AF000040930
, -100,,,1978-12-03,AF000040930
  -40,,,,1978-12-04,AF000040930
,,,,1978-12-05,AF000040930
,  -60,,,1978-12-06,AF000040930
  -10,,,,1978-12-07,AF000040930
    0,  -80,,,1978-12-08,AF000040930
,  -40,,,1978-12-09,AF000040930
   50,  -40,,,1978-12-10,AF000040930
,  -40,,,1978-12-11,AF000040930
,,,,1978-12-12,AF000040930
   60,    0,,,1978-12-13,AF000040930
,  -30,,,1978-12-14,AF000040930
   10,  -40,,,1978-12-15,AF000040930
,,,,1978-12-16,AF000040930
,  -70,,,1978-12-17,AF000040930
  -30,,,,1978-12-18,AF000040930
, -190,,,1978-12-19,AF000040930
  -20, -100,,,1978-12-20,AF000040930
,  -80,,,1978-12-21,AF000040930
  -20, -100,,,1978-12-22,AF000040930
  -20, -120,,,1978-12-23,AF000040930
  -20, -160,,,1978-12-24,AF000040930
  -20, -170,,,1978-12-25,AF000040930
, -140,,,1978-12-26,AF000040930
   10,  -90,,,1978-12-27,AF000040930
   30,  -60,,,1978-12-28,AF000040930
,  -80,,,1978-12-31,AF000040930
  -40,,,,1979-01-01,AF000040930
  -30,  -80,,,1979-01-02,AF000040930
  -30,  -90,,,1979-01-03,AF000040930
,  -90,,,1979-01-04,AF000040930
,,,,1979-01-05,AF000040930
   30,  -60,,,1979-01-06,AF000040930
    0,  -70,,,1979-01-07,AF000040930
  -40,  -80,,,1979-01-08,AF000040930
, -130,,,1979-01-09,AF000040930
  -30, -110,,,1979-01-10,AF000040930
  -10,  -70,,,1979-01-11,AF000040930
  -10,,,,1979-01-12,AF000040930
  -20,  -80,,,1979-01-13,AF000040930
  -50, -110,,,1979-01-14,AF000040930
  -70, -140,,,1979-01-15,AF000040930
  -40,,,,1979-01-16,AF000040930
  -60,,,,1979-01-18,AF000040930
 -120, -200,,,1979-01-20,AF000040930
, -160,,,1979-01-21,AF000040930
,  -90,,,1979-01-23,AF000040930
  -30,  -60,,,1979-01-24,AF000040930
  -30,,,,1979-01-25,AF000040930
  -60,,,,1979-01-26,AF000040930
  -80, -230,,,1979-01-27,AF000040930
,,,,1979-01-28,AF000040930
, -170,,,1979-01-29,AF000040930
  -80, -190,,,1979-01-30,AF000040930
  -80, -140,,,1979-01-31,AF000040930
  -90,,,,1979-02-01,AF000040930
  -70, -170,,,1979-02-02,AF000040930
   50, -110,,,1979-02-03,AF000040930
    0,  -80,,,1979-02-04,AF000040930
  -40,,,,1979-02-05,AF000040930
, -120,,,1979-02-07,AF000040930
, -100,,,1979-02-09,AF000040930
,  -80,,,1979-02-10,AF000040930
,  -60,,,1979-02-15,AF000040930
,  -40,,,1979-02-16,AF000040930
  -30,,,,1979-02-19,AF000040930
, -220,,,1979-02-20,AF000040930
 -110, -170,,,1979-02-21,AF000040930
 -100, -170,,,1979-02-22,AF000040930
 -100, -180,,,1979-02-23,AF000040930
  -70, -140,,,1979-02-24,AF000040930
  -70, -150,,,1979-02-25,AF000040930
  -70, -160,,,1979-02-26,AF000040930
  -80, -110,,,1979-02-27,AF000040930
, -140,,,1979-02-28,AF000040930
, -110,,,1979-03-04,AF000040930
  -80,,,,1979-03-05,AF000040930
, -260,,,1979-03-08,AF000040930
  -60, -170,,,1979-03-09,AF000040930
   20, -110,,,1979-03-14,AF000040930
, -120,,,1979-03-15,AF000040930
  -30,  -70,,,1979-03-16,AF000040930
  -20,,,,1979-03-17,AF000040930
   20,  -60,,,1979-03-19,AF000040930
   50,  -50,,,1979-03-20,AF000040930
    0,  -90,,,1979-03-21,AF000040930
   10,  -90,,,1979-03-22,AF000040930
,  -50,,,1979-03-23,AF000040930
,  -50,,,1979-03-24,AF000040930
   10,  -30,,,1979-03-25,AF000040930
,  -30,,,1979-03-26,AF000040930
,,,,1979-03-27,AF000040930
,  -50,,,1979-03-30,AF000040930
,  -60,,,1979-04-01,AF000040930
,  -10,,,1979-04-08,AF000040930
  100,    0,,,1979-04-11,AF000040930
,   10,,,1979-04-12,AF000040930
   90,   20,,,1979-04-13,AF000040930
   50,  -30,,,1979-04-15,AF000040930
,   20,,,1979-04-25,AF000040930
,   40,,,1979-04-26,AF000040930
,,,,1979-04-27,AF000040930
  100,  -30,,,1979-04-28,AF000040930
,  -10,,,1979-04-29,AF000040930
   70,,,,1979-04-30,AF000040930
,  -70,,,1979-05-01,AF000040930
,  -70,,,1979-05-02,AF000040930
,  -10,,,1979-05-09,AF000040930
   40,,,,1979-05-10,AF000040930
,  -40,,,1979-05-11,AF000040930
   40,  -30,,,1979-05-12,AF000040930
,  -30,,,1979-05-13,AF000040930
,   20,,,1979-06-29,AF000040930
,   40,,,1979-07-02,AF000040930
,   40,,,1979-07-03,AF000040930
,   70,,,1979-07-06,AF000040930
  190,   80,,,1979-07-07,AF000040930
  180,   80,,,1979-07-08,AF000040930
  170,   90,,,1979-07-10,AF000040930
  180,,,,1979-07-11,AF000040930
  180,   90,,,1979-07-12,AF000040930
  160,   80,,,1979-07-13,AF000040930
  170,   70,,,1979-07-14,AF000040930
  160,   70,,,1979-07-15,AF000040930
  170,   70,,,1979-07-16,AF000040930
  170,   80,,,1979-07-17,AF000040930
  170,   90,,,1979-07-18,AF000040930
  180,   90,,,1979-07-19,AF000040930
  170,,,,1979-07-20,AF000040930
  160,   60,,,1979-07-21,AF000040930
  130,   50,,,1979-07-22,AF000040930
  130,   40,,,1979-07-23,AF000040930
,   40,,,1979-07-25,AF000040930
  150,,,,1979-07-26,AF000040930
,,,,1979-07-27,AF000040930
,   60,,,1979-07-28,AF000040930
,   70,,,1979-07-29,AF000040930
,   80,,,1979-07-30,AF000040930
,   90,,,1979-07-31,AF000040930
  190,,,,1979-08-02,AF000040930
,   70,,,1979-08-03,AF000040930
  150,   60,,,1979-08-05,AF000040930
  120,   70,,,1979-08-06,AF000040930
  130,   70,,,1979-08-07,AF000040930
  100,   50,,,1979-08-08,AF000040930
  120,   60,,,1979-08-09,AF000040930
,   60,,,1979-08-11,AF000040930
  130,   70,,,1979-08-12,AF000040930
,   60,,,1979-08-13,AF000040930
  150,   50,,,1979-08-14,AF000040930
  150,   70,,,1979-08-15,AF000040930
  130,   70,,,1979-08-16,AF000040930
  130,   60,,,1979-08-17,AF000040930
  150,   70,,,1979-08-18,AF000040930
  150,,,,1979-08-20,AF000040930
  100,   10,,,1979-08-21,AF000040930
,  -10,,,1979-08-22,AF000040930
   80,   10,,,1979-08-23,AF000040930
   80,    0,,,1979-08-24,AF000040930
,   20,,,1979-08-26,AF000040930
  120,   20,,,1979-08-27,AF000040930
  120,   20,,,1979-08-28,AF000040930
,,,,1979-08-29,AF000040930
,   10,,,1979-08-30,AF000040930
  200,   20,,,1979-08-31,AF000040930
  120,   30,,,1979-09-01,AF000040930
  110,   20,,,1979-09-02,AF000040930
,   20,,,1979-09-03,AF000040930
  100,   20,,,1979-09-05,AF000040930
  120,   20,,,1979-09-06,AF000040930
  130,   30,,,1979-09-07,AF000040930
  140,   40,,,1979-09-08,AF000040930
  140,   40,,,1979-09-10,AF000040930
  120,   40,,,1979-09-11,AF000040930
  120,   40,,,1979-09-12,AF000040930
  110,   40,,,1979-09-13,AF000040930
,   40,,,1979-09-14,AF000040930
   80,   10,,,1979-09-16,AF000040930
   90,   20,,,1979-09-17,AF000040930
  120,    0,,,1979-09-18,AF000040930
   90,,,,1979-09-19,AF000040930
   90,    0,,,1979-09-22,AF000040930
  100,  -20,,,1979-09-23,AF000040930
   50,  -30,,,1979-09-24,AF000040930
,  -50,,,1979-09-25,AF000040930
,  -30,,,1979-09-26,AF000040930
   80,,,,1979-09-27,AF000040930
,  -30,,,1979-09-28,AF000040930
,  -30,,,1979-09-29,AF000040930
,  -10,,,1979-09-30,AF000040930
   90,  -20,,,1979-10-01,AF000040930
   80,  -30,,,1979-10-02,AF000040930
   80,  -30,,,1979-10-03,AF000040930
   80,  -10,,,1979-10-04,AF000040930
   80,  -10,,,1979-10-05,AF000040930
   90,   10,,,1979-10-06,AF000040930
,   20,,,1979-10-07,AF000040930
  120,   10,,,1979-10-08,AF000040930
   90,  -10,,,1979-10-09,AF000040930
   60,,,,1979-10-10,AF000040930
,  -40,,,1979-10-11,AF000040930
,  -30,,,1979-10-12,AF000040930
,  -30,,,1979-10-13,AF000040930
   50,,,,1979-10-14,AF000040930
   60,,,,1979-10-15,AF000040930
,  -40,,,1979-10-16,AF000040930
   60,  -40,,,1979-10-17,AF000040930
   70,  -30,,,1979-10-18,AF000040930
   80,    0,,,1979-10-19,AF000040930
   90,    0,,,1979-10-20,AF000040930
,    0,,,1979-10-21,AF000040930
   70,  -30,,,1979-10-22,AF000040930
  200,   10,,,1979-10-23,AF000040930
,   20,,,1979-10-24,AF000040930
  100,   10,,,1979-10-25,AF000040930
  100,   10,,,1979-10-26,AF000040930
,    0,,,1979-10-27,AF000040930
  100,   10,,,1979-10-28,AF000040930
   80,   10,,,1979-10-29,AF000040930
   90,    0,,,1979-10-30,AF000040930
   70,,,,1979-10-31,AF000040930
   50,  -60,,,1979-11-01,AF000040930
,  -40,,,1979-11-02,AF000040930
,  -20,,,1979-11-03,AF000040930
   60,  -20,,,1979-11-04,AF000040930
   60,  -10,,,1979-11-05,AF000040930
   40,  -40,,,1979-11-06,AF000040930
   30,  -60,,,1979-11-07,AF000040930
  -10,,,,1979-11-08,AF000040930
  -10,  -90,,,1979-11-09,AF000040930
   20,,,,1979-11-10,AF000040930
,,,,1979-11-11,AF000040930
, -130,,,1979-11-12,AF000040930
  -20,,,,1979-11-13,AF000040930
  -50, -120,,,1979-11-14,AF000040930
  -20,,,,1979-11-15,AF000040930
  -10, -130,,,1979-11-16,AF000040930
  -20, -120,,,1979-11-17,AF000040930
    0, -120,,,1979-11-18,AF000040930
, -130,,,1979-11-19,AF000040930
  -20,,,,1979-11-20,AF000040930
  -80, -160,,,1979-11-21,AF000040930
  -20, -120,,,1979-11-22,AF000040930
  -30,  -90,,,1979-11-23,AF000040930
  -20,,,,1979-11-24,AF000040930
    0, -130,,,1979-11-25,AF000040930
,,,,1979-11-26,AF000040930
   10,  -70,,,1979-11-27,AF000040930
   20,  -60,,,1979-11-28,AF000040930
,  -90,,,1979-11-29,AF000040930
   30,  -60,,,1979-11-30,AF000040930
   10,  -60,,,1979-12-01,AF000040930
,,,,1979-12-02,AF000040930
  -20, -110,,,1979-12-03,AF000040930
  -40,  -90,,,1979-12-04,AF000040930
, -140,,,1979-12-05,AF000040930
, -110,,,1979-12-06,AF000040930
  -30,  -80,,,1979-12-07,AF000040930
,  -60,,,1979-12-08,AF000040930
    0,  -50,,,1979-12-09,AF000040930
  -20,  -90,,,1979-12-10,AF000040930
,  -90,,,1979-12-11,AF000040930
  -10,  -70,,,1979-12-12,AF000040930
  -10, -100,,,1979-12-13,AF000040930
  -30,  -80,,,1979-12-14,AF000040930
  -60, -100,,,1979-12-15,AF000040930
, -100,,,1979-12-16,AF000040930
  -30,,,,1979-12-17,AF000040930
  -70, -150,,,1979-12-18,AF000040930
  -80, -160,,,1979-12-19,AF000040930
  -60, -170,,,1979-12-20,AF000040930
  -60, -110,,,1979-12-21,AF000040930
  -70, -100,,,1979-12-22,AF000040930
  -80,,,,1979-12-23,AF000040930
, -150,,,1979-12-24,AF000040930
,,,,1979-12-25,AF000040930
  -30, -120,,,1979-12-26,AF000040930
  -30, -100,,,1979-12-27,AF000040930
  -30,  -80,,,1979-12-28,AF000040930
  -50,,,,1979-12-29,AF000040930
  -60, -140,,,1979-12-30,AF000040930
  -80,,,,1979-12-31,AF000040930
  -70, -150,,,1980-01-01,AF000040930
  -80, -210,,,1980-01-02,AF000040930
, -160,,,1980-01-03,AF000040930
  -70, -140,,,1980-01-04,AF000040930
  -70, -130,,,1980-01-05,AF000040930
,  -90,,,1980-01-06,AF000040930
  -50, -100,,,1980-01-07,AF000040930
, -100,,,1980-01-08,AF000040930
  -60,,,,1980-01-09,AF000040930
,,,,1980-01-10,AF000040930
, -210,,,1980-01-11,AF000040930
, -140,,,1980-01-12,AF000040930
  -80, -120,,,1980-01-13,AF000040930
, -130,,,1980-01-14,AF000040930
, -160,,,1980-01-15,AF000040930
  -80, -170,,,1980-01-16,AF000040930
 -100,,,,1980-01-17,AF000040930
  -80, -100,,,1980-01-18,AF000040930
, -170,,,1980-01-19,AF000040930
, -120,,,1980-01-20,AF000040930
, -130,,,1980-01-21,AF000040930
  -80, -120,,,1980-01-22,AF000040930
,  -80,,,1980-01-23,AF000040930
,  -90,,,1980-01-24,AF000040930
,  -90,,,1980-01-25,AF000040930
, -120,,,1980-01-26,AF000040930
, -150,,,1980-01-27,AF000040930
, -160,,,1980-01-29,AF000040930
    0, -100,,,1980-01-31,AF000040930
  -30, -100,,,1980-02-01,AF000040930
, -220,,,1980-02-02,AF000040930
, -210,,,1980-02-03,AF000040930
, -210,,,1980-02-04,AF000040930
, -230,,,1980-02-05,AF000040930
, -150,,,1980-02-07,AF000040930
, -140,,,1980-02-08,AF000040930
, -160,,,1980-02-09,AF000040930
, -180,,,1980-02-10,AF000040930
,  -80,,,1980-02-11,AF000040930
  -20,  -60,,,1980-02-13,AF000040930
  -10,  -90,,,1980-02-16,AF000040930
, -120,,,1980-02-17,AF000040930
  -60,  -90,,,1980-02-19,AF000040930
,  -70,,,1980-02-26,AF000040930
, -150,,,1980-02-28,AF000040930
  -40,  -80,,,1980-03-04,AF000040930
, -200,,,1980-03-06,AF000040930
, -180,,,1980-03-09,AF000040930
, -120,,,1980-03-10,AF000040930
, -120,,,1980-03-12,AF000040930
  -30,  -70,,,1980-03-13,AF000040930
,  -60,,,1980-03-14,AF000040930
,  -90,,,1980-03-15,AF000040930
, -110,,,1980-03-16,AF000040930
,  -60,,,1980-03-17,AF000040930
, -100,,,1980-03-18,AF000040930
,  -80,,,1980-03-19,AF000040930
,  -50,,,1980-03-20,AF000040930
,  -90,,,1980-03-22,AF000040930
, -110,,,1980-03-26,AF000040930
,  -70,,,1980-03-27,AF000040930
,  -80,,,1980-03-30,AF000040930
,  -30,,,1980-04-01,AF000040930
,,,,1980-04-05,AF000040930
,  -30,,,1980-04-07,AF000040930
,  -50,,,1980-04-09,AF000040930
,  -30,,,1980-04-10,AF000040930
   70,  -20,,,1980-04-11,AF000040930
  100,  -10,,,1980-04-12,AF000040930
   30,  -20,,,1980-04-13,AF000040930
,  -30,,,1980-04-14,AF000040930
,  -30,,,1980-04-15,AF000040930
   90,   10,,,1980-04-16,AF000040930
  100,   30,,,1980-04-17,AF000040930
,  -10,,,1980-04-18,AF000040930
   40,  -10,,,1980-04-19,AF000040930
   60,   10,,,1980-04-20,AF000040930
   70,  -30,,,1980-04-21,AF000040930
,  -50,,,1980-04-22,AF000040930
,  -30,,,1980-04-23,AF000040930
,    0,,,1980-04-24,AF000040930
   90,   20,,,1980-04-25,AF000040930
,,,,1980-05-16,AF000040930
,,,,1980-05-17,AF000040930
,  -10,,,1980-05-20,AF000040930
,    0,,,1980-05-21,AF000040930
  200,,,,1980-05-22,AF000040930
   80,  -10,,,1980-05-23,AF000040930
   80,    0,,,1980-05-24,AF000040930
   90,   20,,,1980-05-25,AF000040930
   90,,,,1980-05-26,AF000040930
,   40,,,1980-05-27,AF000040930
,   20,,,1980-05-28,AF000040930
  120,,,,1980-05-29,AF000040930
  120,   40,,,1980-05-30,AF000040930
,,,,1980-06-01,AF000040930
   90,    0,,,1980-06-02,AF000040930
,  -10,,,1980-06-03,AF000040930
  100,   20,,,1980-06-04,AF000040930
  110,   20,,,1980-06-05,AF000040930
,   30,,,1980-06-06,AF000040930
  130,   40,,,1980-06-07,AF000040930
,   40,,,1980-06-08,AF000040930
  150,   60,,,1980-06-09,AF000040930
,,,,1980-06-10,AF000040930
  180,   80,,,1980-06-11,AF000040930
  170,,,,1980-06-12,AF000040930
  110,   30,,,1980-06-13,AF000040930
  120,   30,,,1980-06-14,AF000040930
  120,   30,,,1980-06-15,AF000040930
  120,   30,,,1980-06-16,AF000040930
,   40,,,1980-06-17,AF000040930
,   90,,,1980-06-18,AF000040930
,   80,,,1980-06-19,AF000040930
  150,   70,,,1980-06-21,AF000040930
  200,   60,,,1980-06-22,AF000040930
  120,,,,1980-06-25,AF000040930
  110,   20,,,1980-06-26,AF000040930
,   20,,,1980-06-27,AF000040930
  130,   60,,,1980-06-30,AF000040930
  130,,,,1980-07-01,AF000040930
,   70,,,1980-07-03,AF000040930
  180,   70,,,1980-07-04,AF000040930
,   70,,,1980-07-06,AF000040930
  140,   10,,,1980-07-07,AF000040930
  150,,,,1980-07-08,AF000040930
,   80,,,1980-07-09,AF000040930
  170,   80,,,1980-07-10,AF000040930
  170,,,,1980-07-11,AF000040930
  160,,,,1980-07-12,AF000040930
,   50,,,1980-07-13,AF000040930
  140,,,,1980-07-14,AF000040930
  150,   80,,,1980-07-15,AF000040930
,   80,,,1980-07-16,AF000040930
  170,,,,1980-07-17,AF000040930
,,,,1980-07-18,AF000040930
,   30,,,1980-07-19,AF000040930
,   30,,,1980-07-20,AF000040930
,   40,,,1980-07-21,AF000040930
  140,   40,,,1980-07-22,AF000040930
  150,,,,1980-07-24,AF000040930
,   60,,,1980-07-25,AF000040930
  160,   60,,,1980-07-26,AF000040930
  160,   60,,,1980-07-27,AF000040930
,   60,,,1980-07-28,AF000040930
  180,   80,,,1980-07-29,AF000040930
  160,   70,,,1980-07-30,AF000040930
,   60,,,1980-07-31,AF000040930
  160,   70,,,1980-08-01,AF000040930
  160,,,,1980-08-02,AF000040930
  160,   70,,,1980-08-03,AF000040930
,   60,,,1980-08-04,AF000040930
  150,   70,,,1980-08-05,AF000040930
,   70,,,1980-08-06,AF000040930
  150,   60,,,1980-08-07,AF000040930
,   60,,,1980-08-08,AF000040930
,   30,,,1980-08-09,AF000040930
,   40,,,1980-08-10,AF000040930
  120,   30,,,1980-08-11,AF000040930
  130,   50,,,1980-08-12,AF000040930
  140,   30,,,1980-08-13,AF000040930
  130,   30,,,1980-08-14,AF000040930
  140,   40,,,1980-08-15,AF000040930
  200,   30,,,1980-08-16,AF000040930
,   30,,,1980-08-17,AF000040930
,,,,1980-08-18,AF000040930
,   40,,,1980-08-19,AF000040930
,   50,,,1980-08-20,AF000040930
  170,   80,,,1980-08-21,AF000040930
  170,,,,1980-08-22,AF000040930
  150,   50,,,1980-08-23,AF000040930
  150,   40,,,1980-08-24,AF000040930
  130,,,,1980-08-25,AF000040930
  130,   40,,,1980-08-26,AF000040930
,   40,,,1980-08-27,AF000040930
  150,   50,,,1980-08-28,AF000040930
,   40,,,1980-08-29,AF000040930
  140,   50,,,1980-08-30,AF000040930
,   30,,,1980-08-31,AF000040930
  100,   10,,,1980-09-02,AF000040930
,   20,,,1980-09-03,AF000040930
  130,   20,,,1980-09-04,AF000040930
   90,   10,,,1980-09-05,AF000040930
,,,,1980-09-06,AF000040930
,   30,,,1980-09-07,AF000040930
  170,   30,,,1980-09-08,AF000040930
  130,   30,,,1980-09-09,AF000040930
  110,   20,,,1980-09-10,AF000040930
,    0,,,1980-09-11,AF000040930
   90,  -30,,,1980-09-13,AF000040930
,   30,,,1980-09-14,AF000040930
  130,   10,,,1980-09-15,AF000040930
  200,   40,,,1980-09-16,AF000040930
  130,   50,,,1980-09-17,AF000040930
  120,   10,,,1980-09-18,AF000040930
  120,   10,,,1980-09-19,AF000040930
,    0,,,1980-09-20,AF000040930
,   10,,,1980-09-21,AF000040930
,   50,,,1980-09-22,AF000040930
,,,,1980-09-23,AF000040930
,   20,,,1980-09-24,AF000040930
  100,   30,,,1980-09-25,AF000040930
   80,  -20,,,1980-09-27,AF000040930
   70,  -20,,,1980-09-28,AF000040930
   70,  -20,,,1980-09-29,AF000040930
   80,  -20,,,1980-09-30,AF000040930
   90,   10,,,1980-10-02,AF000040930
  100,   20,,,1980-10-03,AF000040930
,   10,,,1980-10-04,AF000040930
,   20,,,1980-10-05,AF000040930
,,,,1980-10-06,AF000040930
,,,,1980-10-07,AF000040930
   90,   10,,,1980-10-08,AF000040930
   80,,,,1980-10-09,AF000040930
   80,  -50,,,1980-10-10,AF000040930
,   10,,,1980-10-12,AF000040930
   50,  -10,,,1980-10-13,AF000040930
,  -20,,,1980-10-14,AF000040930
,    0,,,1980-10-15,AF000040930
   70,  -20,,,1980-10-16,AF000040930
   70,  -10,,,1980-10-17,AF000040930
,  -30,,,1980-10-18,AF000040930
,  -30,,,1980-10-19,AF000040930
,  -20,,,1980-10-20,AF000040930
   70,  -20,,,1980-10-21,AF000040930
,,,,1980-10-22,AF000040930
,  -50,,,1980-10-23,AF000040930
,  -70,,,1980-10-24,AF000040930
,  -40,,,1980-10-25,AF000040930
,  -10,,,1980-10-26,AF000040930
,  -50,,,1980-10-29,AF000040930
,,,,1980-10-30,AF000040930
,  -70,,,1980-10-31,AF000040930
    0,  -30,,,1980-11-01,AF000040930
   40,  -50,,,1980-11-03,AF000040930
,  -60,,,1980-11-04,AF000040930
,  -90,,,1980-11-05,AF000040930
  -10,,,,1980-11-06,AF000040930
,,,,1980-11-07,AF000040930
   30,  -70,,,1980-11-08,AF000040930
,  -30,,,1980-11-10,AF000040930
   40,  -30,,,1980-11-11,AF000040930
   50,  -40,,,1980-11-12,AF000040930
,  -50,,,1980-11-13,AF000040930
,  -50,,,1980-11-14,AF000040930
,  -20,,,1980-11-16,AF000040930
,  -20,,,1980-11-17,AF000040930
,,,,1980-11-18,AF000040930
   30,  -70,,,1980-11-19,AF000040930
   30,  -60,,,1980-11-20,AF000040930
   30,  -30,,,1980-11-21,AF000040930
,  -70,,,1980-11-22,AF000040930
,  -60,,,1980-11-23,AF000040930
,  -20,,,1980-11-24,AF000040930
,  -40,,,1980-11-25,AF000040930
  -30,,,,1980-11-26,AF000040930
, -110,,,1980-11-28,AF000040930
,  -80,,,1980-11-29,AF000040930
  140,  -60,,,1980-11-30,AF000040930
,,,,1980-12-01,AF000040930
, -110,,,1980-12-02,AF000040930
, -100,,,1980-12-03,AF000040930
, -120,,,1980-12-04,AF000040930
    0, -110,,,1980-12-05,AF000040930
   10,  -80,,,1980-12-06,AF000040930
,  -70,,,1980-12-07,AF000040930
,  -60,,,1980-12-08,AF000040930
,  -30,,,1980-12-09,AF000040930
,  -20,,,1980-12-10,AF000040930
,,,,1980-12-11,AF000040930
,  -80,,,1980-12-12,AF000040930
  -30,,,,1980-12-13,AF000040930
, -140,,,1980-12-14,AF000040930
, -150,,,1980-12-15,AF000040930
, -160,,,1980-12-16,AF000040930
, -150,,,1980-12-17,AF000040930
, -130,,,1980-12-18,AF000040930
, -100,,,1980-12-19,AF000040930
,  -60,,,1980-12-20,AF000040930
  -20,,,,1980-12-21,AF000040930
, -100,,,1980-12-22,AF000040930
  -10,  -90,,,1980-12-23,AF000040930
, -120,,,1980-12-24,AF000040930
  -20,,,,1980-12-25,AF000040930
,  -90,,,1980-12-27,AF000040930
, -100,,,1980-12-28,AF000040930
, -130,,,1980-12-29,AF000040930
, -110,,,1980-12-30,AF000040930
,,,,1981-01-02,AF000040930
, -150,,,1981-01-03,AF000040930
, -180,,,1981-01-06,AF000040930
, -160,,,1981-01-07,AF000040930
, -150,,,1981-01-08,AF000040930
, -160,,,1981-01-09,AF000040930
 -100, -170,,,1981-01-10,AF000040930
, -170,,,1981-01-11,AF000040930
  -50,,,,1981-01-12,AF000040930
  -40,  -90,,,1981-01-13,AF000040930
,  -90,,,1981-01-14,AF000040930
  -70,  -80,,,1981-01-15,AF000040930
,  -90,,,1981-01-16,AF000040930
, -100,,,1981-01-17,AF000040930
,  -80,,,1981-01-20,AF000040930
  -30,,,,1981-01-21,AF000040930
  -40, -120,,,1981-01-22,AF000040930
, -130,,,1981-01-23,AF000040930
  -90,,,,1981-01-24,AF000040930
, -230,,,1981-01-25,AF000040930
, -130,,,1981-01-26,AF000040930
, -130,,,1981-01-27,AF000040930
, -100,,,1981-01-28,AF000040930
, -150,,,1981-01-29,AF000040930
  -90, -160,,,1981-01-30,AF000040930
, -240,,,1981-01-31,AF000040930
  -90, -170,,,1981-02-01,AF000040930
,,,,1981-02-02,AF000040930
, -130,,,1981-02-03,AF000040930
,,,,1981-02-04,AF000040930
  -10, -190,,,1981-02-05,AF000040930
  -50, -150,,,1981-02-06,AF000040930
,,,,1981-02-07,AF000040930
, -160,,,1981-02-08,AF000040930
, -160,,,1981-02-09,AF000040930
,  -60,,,1981-02-10,AF000040930
   30,  -40,,,1981-02-11,AF000040930
   10,  -50,,,1981-02-12,AF000040930
, -130,,,1981-02-13,AF000040930
, -180,,,1981-02-14,AF000040930
, -120,,,1981-02-16,AF000040930
, -110,,,1981-02-17,AF000040930
, -120,,,1981-02-20,AF000040930
    0,  -60,,,1981-02-21,AF000040930
   10,  -60,,,1981-02-22,AF000040930
  -30,  -60,,,1981-02-23,AF000040930
  -30, -170,,,1981-02-25,AF000040930
, -120,,,1981-02-26,AF000040930
, -110,,,1981-02-27,AF000040930
, -120,,,1981-02-28,AF000040930
,,,,1981-03-01,AF000040930
, -160,,,1981-03-02,AF000040930
,  -70,,,1981-03-03,AF000040930
,  -60,,,1981-03-04,AF000040930
  -30,,,,1981-03-05,AF000040930
  -20,,,,1981-03-06,AF000040930
, -160,,,1981-03-07,AF000040930
, -120,,,1981-03-08,AF000040930
  -10,,,,1981-03-09,AF000040930
, -130,,,1981-03-10,AF000040930
  -50, -130,,,1981-03-11,AF000040930
,  -90,,,1981-03-12,AF000040930
  -40,  -80,,,1981-03-13,AF000040930
,  -70,,,1981-03-14,AF000040930
  -30,  -60,,,1981-03-15,AF000040930
,  -50,,,1981-03-16,AF000040930
,  -40,,,1981-03-17,AF000040930
,,,,1981-03-18,AF000040930
,,,,1981-03-19,AF000040930
  -20,,,,1981-03-20,AF000040930
,,,,1981-03-22,AF000040930
   50,  -70,,,1981-03-24,AF000040930
   50,  -70,,,1981-03-25,AF000040930
,,,,1981-03-26,AF000040930
,  -70,,,1981-03-27,AF000040930
   80,  -10,,,1981-03-28,AF000040930
,,,,1981-03-29,AF000040930
   10,  -80,,,1981-03-30,AF000040930
,,,,1981-03-31,AF000040930
   40,  -70,,,1981-04-01,AF000040930
   40,  -40,,,1981-04-02,AF000040930
  -20, -140,,,1981-04-03,AF000040930
  -50, -140,,,1981-04-04,AF000040930
  -10,  -80,,,1981-04-05,AF000040930
,  -70,,,1981-04-06,AF000040930
,  -50,,,1981-04-07,AF000040930
   20,  -30,,,1981-04-08,AF000040930
,  -20,,,1981-04-09,AF000040930
,,,,1981-04-10,AF000040930
   70,  -20,,,1981-04-11,AF000040930
,   10,,,1981-04-14,AF000040930
   70,  -30,,,1981-04-15,AF000040930
,  -50,,,1981-04-16,AF000040930
   60,  -30,,,1981-04-17,AF000040930
,,,,1981-04-18,AF000040930
  110,,,,1981-04-19,AF000040930
,,,,1981-04-20,AF000040930
   50,  -60,,,1981-04-21,AF000040930
,  -90,,,1981-04-22,AF000040930
,  -30,,,1981-04-23,AF000040930
,,,,1981-04-25,AF000040930
  100,,,,1981-04-26,AF000040930
,   10,,,1981-04-27,AF000040930
,    0,,,1981-05-01,AF000040930
,   30,,,1981-05-02,AF000040930
,   30,,,1981-05-03,AF000040930
  130,  -10,,,1981-05-19,AF000040930
,   10,,,1981-05-23,AF000040930
  120,  -80,,,1981-05-24,AF000040930
  110,   30,,,1981-05-25,AF000040930
  120,   30,,,1981-05-26,AF000040930
  100,   20,,,1981-05-27,AF000040930
  110,   30,,,1981-05-28,AF000040930
,   30,,,1981-05-29,AF000040930
,,,,1981-05-30,AF000040930
,    0,,,1981-05-31,AF000040930
   60,,,,1981-06-01,AF000040930
,  -10,,,1981-06-04,AF000040930
,,,,1981-06-05,AF000040930
,   40,,,1981-06-06,AF000040930
   50,  -20,,,1981-06-08,AF000040930
   90,  -20,,,1981-06-13,AF000040930
  100,,,,1981-06-14,AF000040930
  150,   80,,,1981-06-28,AF000040930
  160,   70,,,1981-06-29,AF000040930
,,,,1981-06-30,AF000040930
  110,   40,,,1981-07-01,AF000040930
,   40,,,1981-07-03,AF000040930
,,,,1981-07-04,AF000040930
,   50,,,1981-07-05,AF000040930
,   40,,,1981-07-06,AF000040930
,   70,,,1981-07-07,AF000040930
,   60,,,1981-07-10,AF000040930
,   60,,,1981-07-11,AF000040930
,   90,,,1981-07-13,AF000040930
  180,   90,,,1981-07-14,AF000040930
,   90,,,1981-07-15,AF000040930
  170,   60,,,1981-07-16,AF000040930
  140,   60,,,1981-07-17,AF000040930
  100,,,,1981-07-27,AF000040930
,   50,,,1981-07-29,AF000040930
,   30,,,1981-08-03,AF000040930
  120,,,,1981-08-04,AF000040930
,,,,1981-09-10,AF000040930
   70,  -20,,,1981-09-11,AF000040930
,,,,1981-09-15,AF000040930
  110,,,,1981-09-20,AF000040930
   30,  -60,,,1981-10-02,AF000040930
,,,,1981-10-03,AF000040930
   40,  -50,,,1981-10-04,AF000040930
,  -30,,,1981-10-05,AF000040930
,,,,1981-10-06,AF000040930
,  -70,,,1981-10-28,AF000040930
,  -90,,,1981-10-31,AF000040930
   30,,,,1981-11-01,AF000040930
   40,  -50,,,1981-11-02,AF000040930
   40,  -90,,,1981-11-03,AF000040930
   20,,,,1981-11-05,AF000040930
   60,,,,1981-11-07,AF000040930
   60,  -30,,,1981-11-08,AF000040930
   60,  -40,,,1981-11-09,AF000040930
   40,  -40,,,1981-11-10,AF000040930
    0,,,,1981-11-11,AF000040930
,  -80,,,1981-11-12,AF000040930
,  -50,,,1981-11-13,AF000040930
, -140,,,1981-12-11,AF000040930
  -30, -110,,,1981-12-12,AF000040930
,,,,1981-12-15,AF000040930
, -120,,,1981-12-16,AF000040930
, -100,,,1981-12-17,AF000040930
  -20,,,,1981-12-18,AF000040930
, -100,,,1981-12-24,AF000040930
,  -90,,,1981-12-27,AF000040930
  -50,,,,1981-12-28,AF000040930
, -110,,,1981-12-29,AF000040930
  -60, -100,,,1981-12-30,AF000040930
,  -90,,,1981-12-31,AF000040930
  -50,,,  371,1982-01-01,AF000040930
,,,  340,1982-01-03,AF000040930
  -25,,,  351,1982-01-04,AF000040930
  -20,,,  330,1982-01-05,AF000040930
   10,  -80,,  300,1982-01-06,AF000040930
   -4,,,,1982-01-07,AF000040930
  -25,,,  269,1982-01-08,AF000040930
  -35,,,  180,1982-01-12,AF000040930
  -40,,,  170,1982-01-13,AF000040930
  -40,,,  160,1982-01-14,AF000040930
  -19, -102,,  160,1982-01-15,AF000040930
  -25, -125,,  140,1982-01-16,AF000040930
  -33,,,  140,1982-01-17,AF000040930
  -74,,,  300,1982-01-18,AF000040930
,,,,1982-01-19,AF000040930
 -115, -185,,  899,1982-01-24,AF000040930
, -150,,  719,1982-01-28,AF000040930
 -105, -136,,  711,1982-01-29,AF000040930
  -95, -145,,  930,1982-01-31,AF000040930
  -80, -108,,  991,1982-02-02,AF000040930
  -68, -138,, 1100,1982-02-03,AF000040930
, -210,,  909,1982-02-08,AF000040930
,,,  820,1982-02-10,AF000040930
, -175,,  980,1982-02-11,AF000040930
, -235,,  980,1982-02-12,AF000040930
  -84,,,  960,1982-02-13,AF000040930
,,,  950,1982-02-14,AF000040930
  -72,,, 1059,1982-02-15,AF000040930
  -60, -176,, 1100,1982-02-16,AF000040930
  -82,,, 1080,1982-02-17,AF000040930
  -90,,, 1501,1982-02-19,AF000040930
  -84, -258,, 1801,1982-02-21,AF000040930
  -65,,, 1961,1982-02-23,AF000040930
  -82, -155,, 1560,1982-02-24,AF000040930
  -55,,, 1801,1982-02-27,AF000040930
  -40, -185,, 1760,1982-03-02,AF000040930
  -72,,, 1750,1982-03-03,AF000040930
  -66,,, 1880,1982-03-04,AF000040930
 -118,,, 2080,1982-03-05,AF000040930
  -94, -168,, 2149,1982-03-06,AF000040930
  -92,,, 2060,1982-03-07,AF000040930
  -80,,, 2250,1982-03-08,AF000040930
    7, -165,, 2261,1982-03-10,AF000040930
  -30, -118,, 2080,1982-03-11,AF000040930
   -3,,, 1331,1982-03-13,AF000040930
  -20,,, 1199,1982-03-14,AF000040930
  -12,  -72,, 1001,1982-03-15,AF000040930
  -70,  -94,, 1161,1982-03-16,AF000040930
  -35,,, 1181,1982-03-17,AF000040930
   10,,, 1161,1982-03-18,AF000040930
  -25,  -70,, 1140,1982-03-19,AF000040930
,,, 1270,1982-03-21,AF000040930
,,,,1982-03-22,AF000040930
  -29,  -73,, 1219,1982-03-23,AF000040930
  -17,,, 1199,1982-03-24,AF000040930
   48,,, 1471,1982-04-02,AF000040930
   27,  -84,, 1430,1982-04-03,AF000040930
,,, 1501,1982-04-04,AF000040930
,,, 1471,1982-04-05,AF000040930
  -12,,, 1440,1982-04-06,AF000040930
   40,,,,1982-04-07,AF000040930
,  -25,,,1982-04-09,AF000040930
,,,,1982-04-10,AF000040930
,,,,1982-04-11,AF000040930
   65,,, 1280,1982-04-12,AF000040930
   85,  -24,, 1260,1982-04-13,AF000040930
   82,  -17,, 1250,1982-04-14,AF000040930
   50,,, 1199,1982-04-15,AF000040930
,  -44,, 1270,1982-04-16,AF000040930
,  -76,, 1260,1982-04-18,AF000040930
   85,,, 1171,1982-04-19,AF000040930
   88,  -15,,  960,1982-04-21,AF000040930
   95,,,  800,1982-04-23,AF000040930
   45,  -56,,  640,1982-04-28,AF000040930
   57,  -30,,  599,1982-04-29,AF000040930
   90,    3,,  531,1982-04-30,AF000040930
,,,,1982-05-05,AF000040930
   75,   20,,  279,1982-05-06,AF000040930
   97,   15,,  239,1982-05-07,AF000040930
   30,  -11,,  160,1982-05-10,AF000040930
   -7,  -57,,  160,1982-05-11,AF000040930
  120,   12,,,1982-05-22,AF000040930
,   21,,,1982-05-24,AF000040930
   52,  -70,,,1982-06-01,AF000040930
   95,,,,1982-06-02,AF000040930
  140,,,,1982-06-13,AF000040930
  111,,,,1982-06-19,AF000040930
  130,   50,,,1982-06-27,AF000040930
,   45,,,1982-06-30,AF000040930
  103,,,,1982-07-02,AF000040930
  105,    7,,,1982-07-03,AF000040930
  115,   40,,,1982-07-04,AF000040930
  116,   40,,,1982-07-08,AF000040930
  136,   30,,,1982-07-10,AF000040930
  145,   40,,,1982-07-11,AF000040930
  158,    2,,,1982-07-18,AF000040930
  165,,,,1982-07-23,AF000040930
  150,   68,,,1982-07-24,AF000040930
  145,   60,,,1982-07-25,AF000040930
  164,   79,,,1982-07-30,AF000040930
  174,   87,,,1982-08-08,AF000040930
  140,,,,1982-08-10,AF000040930
  100,   27,,,1982-08-16,AF000040930
,,,,1982-08-17,AF000040930
  134,   41,,,1982-08-19,AF000040930
  115,,,,1982-08-21,AF000040930
  111,   22,,,1982-08-22,AF000040930
,   21,,,1982-08-23,AF000040930
,   15,,,1982-08-24,AF000040930
,  -10,,,1982-08-25,AF000040930
   84,  -24,,,1982-08-26,AF000040930
   95,    3,,,1982-08-30,AF000040930
   90,    0,,,1982-09-10,AF000040930
  115,,,,1982-09-14,AF000040930
   95,   20,,,1982-09-17,AF000040930
    3,,,,1982-09-21,AF000040930
   67,,,,1982-09-24,AF000040930
   64,,,,1982-09-25,AF000040930
   55,  -33,,   10,1982-09-26,AF000040930
   69,  -21,,,1982-10-01,AF000040930
   75,   23,,,1982-10-03,AF000040930
   90,,,,1982-10-11,AF000040930
,  -15,,   79,1982-10-18,AF000040930
   15,,,  279,1982-10-19,AF000040930
   36,  -52,,  150,1982-10-22,AF000040930
,  -60,,  119,1982-10-23,AF000040930
   20,  -67,,   79,1982-10-30,AF000040930
,,, 1219,1983-01-19,AF000040930
  -90, -137,, 1501,1983-01-29,AF000040930
  -85, -165,, 1631,1983-01-31,AF000040930
  -62,,, 1509,1983-02-02,AF000040930
, -150,, 1001,1983-02-12,AF000040930
,  -94,,  980,1983-02-15,AF000040930
  -60,,,  950,1983-02-17,AF000040930
  -60,  -84,,  980,1983-02-18,AF000040930
, -115,, 1039,1983-02-20,AF000040930
  -35,,, 1209,1983-02-25,AF000040930
  -50, -100,, 1181,1983-02-27,AF000040930
,  -78,, 1300,1983-02-28,AF000040930
  -70,,, 1999,1983-03-01,AF000040930
, -175,, 1981,1983-03-02,AF000040930
  -90,,, 1930,1983-03-03,AF000040930
,,, 1920,1983-03-04,AF000040930
,  -65,, 1951,1983-03-08,AF000040930
  -45,  -80,, 2050,1983-03-09,AF000040930
,  -90,, 2029,1983-03-10,AF000040930
  -33, -165,, 2149,1983-03-11,AF000040930
, -140,, 2141,1983-03-12,AF000040930
, -105,, 2050,1983-03-14,AF000040930
  -48, -115,, 2179,1983-03-15,AF000040930
  -35,  -55,, 2200,1983-03-17,AF000040930
,  -95,, 2451,1983-03-18,AF000040930
, -165,,,1983-03-20,AF000040930
, -202,, 2931,1983-03-21,AF000040930
  -55,,,,1983-03-25,AF000040930
, -135,,,1983-03-26,AF000040930
  -55, -170,,,1983-03-27,AF000040930
, -175,,,1983-03-28,AF000040930
  -15, -102,,,1983-03-30,AF000040930
    9,  -57,,,1983-03-31,AF000040930
  -13,  -45,,,1983-04-02,AF000040930
   20,  -44,,,1983-04-04,AF000040930
,  -19,,,1983-04-05,AF000040930
   24,  -35,,,1983-04-06,AF000040930
,  -15,,,1983-04-07,AF000040930
   30,  -39,,,1983-04-08,AF000040930
,  -66,,,1983-04-11,AF000040930
   10,,,,1983-04-12,AF000040930
,,,,1983-04-13,AF000040930
  -30,  -79,, 2949,1983-04-14,AF000040930
,,,,1983-04-15,AF000040930
  -25,,,,1983-04-16,AF000040930
,,,  300,1983-04-17,AF000040930
,,, 2601,1983-04-20,AF000040930
,,, 2581,1983-04-21,AF000040930
   20,  -38,, 2499,1983-04-22,AF000040930
   40,  -26,, 2400,1983-04-23,AF000040930
,,,,1983-04-24,AF000040930
,,,,1983-04-25,AF000040930
,,,   51,1983-04-26,AF000040930
,  -20,,,1983-04-27,AF000040930
,,, 2101,1983-04-28,AF000040930
,   -5,, 2040,1983-04-29,AF000040930
,,,,1983-04-30,AF000040930
,  -15,, 1880,1983-05-03,AF000040930
   32,   -9,, 1890,1983-05-04,AF000040930
,,, 1829,1983-05-06,AF000040930
,    0,,,1983-05-07,AF000040930
,   15,, 1631,1983-05-08,AF000040930
  105,   26,, 1549,1983-05-09,AF000040930
   57,,, 1420,1983-05-11,AF000040930
  105,   15,, 1331,1983-05-12,AF000040930
,   10,, 1300,1983-05-13,AF000040930
   85,   20,, 1151,1983-05-14,AF000040930
   52,   15,, 1001,1983-05-16,AF000040930
   80,   15,,  940,1983-05-17,AF000040930
,   15,,  919,1983-05-18,AF000040930
,   15,,  831,1983-05-19,AF000040930
   77,,,  729,1983-05-20,AF000040930
,   10,,  719,1983-05-21,AF000040930
   65,  -40,,  640,1983-05-23,AF000040930
   78,  -20,,  610,1983-05-24,AF000040930
,,,  599,1983-05-25,AF000040930
  104,   35,,  450,1983-05-27,AF000040930
,,,  399,1983-05-28,AF000040930
   88,    5,,  391,1983-05-29,AF000040930
,   18,,  300,1983-05-30,AF000040930
,    5,,  249,1983-05-31,AF000040930
,,,  180,1983-06-01,AF000040930
   25,,,  160,1983-06-02,AF000040930
   67,  -45,,  140,1983-06-03,AF000040930
   75,,,   99,1983-06-04,AF000040930
   80,,,   41,1983-06-05,AF000040930
,    5,,,1983-06-07,AF000040930
   95,,,,1983-06-11,AF000040930
,   15,,,1983-06-12,AF000040930
  154,   20,,,1983-06-13,AF000040930
  162,   54,,,1983-06-14,AF000040930
,   30,,,1983-06-16,AF000040930
   84,   17,,,1983-06-17,AF000040930
  107,,,,1983-06-19,AF000040930
,   34,,,1983-06-20,AF000040930
  137,   24,,,1983-06-21,AF000040930
,   60,,,1983-06-23,AF000040930
,   70,,,1983-06-24,AF000040930
  156,   70,,,1983-06-25,AF000040930
  147,   70,,,1983-06-26,AF000040930
  150,   40,,,1983-06-27,AF000040930
,   60,,,1983-06-28,AF000040930
  167,   62,,,1983-06-29,AF000040930
,   50,,,1983-06-30,AF000040930
,   72,,,1983-07-01,AF000040930
  107,   50,,,1983-07-02,AF000040930
   92,   22,,,1983-07-03,AF000040930
,   32,,,1983-07-04,AF000040930
  140,,,,1983-07-08,AF000040930
,   52,,,1983-07-10,AF000040930
  130,   52,,,1983-07-11,AF000040930
,,,,1983-07-12,AF000040930
,   42,,,1983-07-13,AF000040930
,   42,,,1983-07-14,AF000040930
,,,,1983-07-15,AF000040930
,   68,,,1983-07-17,AF000040930
  142,   25,,,1983-07-18,AF000040930
,   53,,,1983-07-19,AF000040930
  160,,,,1983-07-20,AF000040930
  180,   72,,,1983-07-21,AF000040930
,   85,,,1983-07-22,AF000040930
  197,   95,,,1983-07-23,AF000040930
,  110,,,1983-07-24,AF000040930
,   86,,,1983-07-26,AF000040930
  190,   70,,,1983-07-27,AF000040930
,   94,,,1983-07-28,AF000040930
  208,  105,,,1983-07-29,AF000040930
,  103,,,1983-07-30,AF000040930
,  120,,,1983-07-31,AF000040930
,  120,,,1983-08-01,AF000040930
  165,   93,,,1983-08-02,AF000040930
,   80,,,1983-08-03,AF000040930
  207,,,,1983-08-04,AF000040930
,  105,,,1983-08-05,AF000040930
,   90,,,1983-08-06,AF000040930
  164,   82,,,1983-08-07,AF000040930
  147,   75,,,1983-08-08,AF000040930
  138,   60,,,1983-08-09,AF000040930
,   50,,,1983-08-10,AF000040930
  148,,,,1983-08-11,AF000040930
  148,   40,,,1983-08-12,AF000040930
  147,,,,1983-08-13,AF000040930
  155,   50,,,1983-08-14,AF000040930
,   57,,,1983-08-15,AF000040930
  160,   60,,,1983-08-16,AF000040930
  155,   66,,,1983-08-18,AF000040930
  156,   65,,,1983-08-19,AF000040930
  158,,,,1983-08-20,AF000040930
  150,   52,,,1983-08-22,AF000040930
,   50,,,1983-08-23,AF000040930
  128,,,,1983-08-25,AF000040930
  140,   52,,,1983-08-26,AF000040930
  132,   58,,,1983-08-27,AF000040930
  155,   50,,,1983-08-28,AF000040930
,   50,,,1983-08-29,AF000040930
  175,,,,1983-08-30,AF000040930
,   55,,,1983-08-31,AF000040930
  158,   65,,,1983-09-01,AF000040930
  158,,,,1983-09-02,AF000040930
,   56,,,1983-09-03,AF000040930
,   60,,,1983-09-04,AF000040930
  145,,,,1983-09-05,AF000040930
,   45,,,1983-09-06,AF000040930
  125,   32,,,1983-09-07,AF000040930
  139,   31,,,1983-09-08,AF000040930
  145,   30,,,1983-09-09,AF000040930
  135,,,,1983-09-10,AF000040930
  125,   25,,,1983-09-11,AF000040930
,   45,,,1983-09-12,AF000040930
  144,   20,,,1983-09-13,AF000040930
  130,   30,,,1983-09-14,AF000040930
   80,   10,,,1983-09-15,AF000040930
,  -16,,,1983-09-16,AF000040930
   85,,,,1983-09-17,AF000040930
   83,  -30,,,1983-09-18,AF000040930
   84,  -33,,,1983-09-19,AF000040930
,  -16,,,1983-09-22,AF000040930
  119,,,,1983-09-23,AF000040930
  109,   14,,,1983-09-24,AF000040930
  130,   17,,,1983-09-25,AF000040930
,   35,,,1983-09-26,AF000040930
  110,   35,,,1983-09-27,AF000040930
,    0,,,1983-09-28,AF000040930
  114,,,,1983-09-29,AF000040930
  104,    6,,,1983-10-02,AF000040930
   94,,,,1983-10-03,AF000040930
,  -10,,,1983-10-04,AF000040930
  105,   28,,,1983-10-08,AF000040930
   57,   -4,,,1983-10-09,AF000040930
   70,,,,1983-10-10,AF000040930
  101,  -10,,,1983-10-11,AF000040930
   74,    1,,,1983-10-12,AF000040930
  -10,,,,1983-10-13,AF000040930
,  -83,,,1983-10-14,AF000040930
,  -50,,,1983-10-15,AF000040930
,  -20,,,1983-10-18,AF000040930
,  -35,,,1983-10-19,AF000040930
,  -75,,,1983-10-20,AF000040930
,  -44,,,1983-10-22,AF000040930
,  -50,,,1983-10-23,AF000040930
    5,  -60,,,1983-10-24,AF000040930
,  -76,,,1983-10-25,AF000040930
    5,  -81,,,1983-10-26,AF000040930
   40,  -60,,,1983-10-27,AF000040930
   35,  -35,,,1983-10-28,AF000040930
   14,  -35,,,1983-10-29,AF000040930
   40,,,,1983-10-30,AF000040930
   63,,,,1983-10-31,AF000040930
   40,,,,1983-11-02,AF000040930
,,,,1983-11-03,AF000040930
   23,,,,1983-11-04,AF000040930
   12,,,,1983-11-07,AF000040930
   27,  -57,,,1983-11-08,AF000040930
,,,,1983-11-09,AF000040930
  -10,  -87,,,1983-11-10,AF000040930
   40,  -73,,,1983-11-11,AF000040930
   50,  -52,,,1983-11-12,AF000040930
   45,  -50,,,1983-11-13,AF000040930
,  -44,,,1983-11-14,AF000040930
,  -21,,,1983-11-15,AF000040930
   40,  -18,,,1983-11-16,AF000040930
   10,,,,1983-11-17,AF000040930
   47,  -45,,,1983-11-18,AF000040930
,  -40,,,1983-11-19,AF000040930
   29,  -52,,,1983-11-20,AF000040930
,  -50,,,1983-11-21,AF000040930
   40,  -41,,,1983-11-22,AF000040930
,  -33,,,1983-11-23,AF000040930
   -5,,,,1983-11-26,AF000040930
,  -65,,,1983-11-27,AF000040930
  106,  -67,,,1983-11-28,AF000040930
,  -60,,,1983-11-29,AF000040930
   10,  -36,,,1983-11-30,AF000040930
,  -50,,,1983-12-01,AF000040930
    0,  -68,,,1983-12-02,AF000040930
,  -96,,,1983-12-05,AF000040930
    3,  -92,,,1983-12-06,AF000040930
, -104,,,1983-12-07,AF000040930
    8,  -70,,,1983-12-08,AF000040930
   14,  -78,,,1983-12-09,AF000040930
   17,,,,1983-12-10,AF000040930
,  -78,,  660,1983-12-15,AF000040930
,,, 1130,1983-12-18,AF000040930
, -186,, 1110,1983-12-19,AF000040930
,,,,1983-12-22,AF000040930
, -185,,  579,1983-12-23,AF000040930
  -80, -135,,  861,1983-12-24,AF000040930
,,,,1983-12-28,AF000040930
,,,,1983-12-29,AF000040930
  -82, -145,,  500,1983-12-30,AF000040930
, -110,,  480,1983-12-31,AF000040930
, -228,,  399,1984-01-06,AF000040930
,,,,1984-01-07,AF000040930
, -125,,,1984-01-08,AF000040930
,,,  300,1984-01-09,AF000040930
, -110,,  290,1984-01-10,AF000040930
  -75, -110,,  279,1984-01-11,AF000040930
  -70, -170,,  851,1984-01-13,AF000040930
,,,,1984-01-15,AF000040930
  -95, -212,,   10,1984-01-19,AF000040930
  -95, -192,,  620,1984-01-26,AF000040930
  -62, -182,,  599,1984-01-27,AF000040930
, -177,,,1984-01-28,AF000040930
  -33, -168,,  500,1984-01-29,AF000040930
  -55,,,  419,1984-01-30,AF000040930
  -95,,,  899,1984-02-01,AF000040930
  -90, -156,,  919,1984-02-02,AF000040930
 -117, -208,, 1049,1984-02-03,AF000040930
 -105, -137,, 1120,1984-02-06,AF000040930
 -120, -215,, 1321,1984-02-07,AF000040930
  -93,,, 1349,1984-02-08,AF000040930
, -125,, 1410,1984-02-10,AF000040930
  -40, -145,, 2451,1984-02-11,AF000040930
  -75, -170,,,1984-02-12,AF000040930
   -5, -145,,  119,1984-02-13,AF000040930
  -55,,,  150,1984-02-15,AF000040930
  -55,,,,1984-02-16,AF000040930
  -90, -112,, 1651,1984-02-17,AF000040930
 -210, -285,, 1529,1984-02-20,AF000040930
 -108,,, 1481,1984-02-21,AF000040930
 -125,,, 1400,1984-02-23,AF000040930
  -50, -220,, 1379,1984-02-24,AF000040930
  -90, -150,, 1300,1984-02-25,AF000040930
, -177,,,1984-02-26,AF000040930
  -54, -166,,,1984-02-27,AF000040930
  -56, -125,,,1984-02-28,AF000040930
  -19, -136,,  249,1984-02-29,AF000040930
  -25,,, 1209,1984-03-01,AF000040930
   25, -110,, 1181,1984-03-02,AF000040930
    4,,, 1151,1984-03-03,AF000040930
, -124,, 1161,1984-03-05,AF000040930
  -35, -123,, 1140,1984-03-06,AF000040930
    5,,, 1059,1984-03-08,AF000040930
   45,  -75,, 1049,1984-03-09,AF000040930
  -10,,, 1049,1984-03-10,AF000040930
    0, -135,,  960,1984-03-11,AF000040930
   24, -115,,  899,1984-03-12,AF000040930
    9,,,  861,1984-03-13,AF000040930
,  -50,,  851,1984-03-14,AF000040930
  -50, -114,, 1849,1984-03-18,AF000040930
,  -75,, 1641,1984-03-20,AF000040930
   45,  -19,, 1509,1984-03-22,AF000040930
,,,,1984-03-23,AF000040930
   10,,, 2431,1984-03-24,AF000040930
,,,,1984-03-25,AF000040930
   43,  -33,, 1359,1984-03-26,AF000040930
   42,   -2,, 1260,1984-03-28,AF000040930
   27,,, 1120,1984-04-01,AF000040930
,,, 1171,1984-04-02,AF000040930
  -15,,, 1140,1984-04-03,AF000040930
    8,  -75,, 1120,1984-04-04,AF000040930
   -8,,, 1199,1984-04-05,AF000040930
    7, -112,, 1199,1984-04-06,AF000040930
    8,  -62,, 1080,1984-04-07,AF000040930
   22,,, 1021,1984-04-08,AF000040930
   26,,, 1021,1984-04-09,AF000040930
   65,  -35,, 1001,1984-04-10,AF000040930
   55,   -5,,  970,1984-04-11,AF000040930
,  -10,,  950,1984-04-12,AF000040930
,    0,,  820,1984-04-13,AF000040930
   65,,,  589,1984-04-18,AF000040930
   45,,,,1984-04-19,AF000040930
   30,,,  719,1984-04-20,AF000040930
   32,,,  671,1984-04-21,AF000040930
  106,   18,,  599,1984-04-23,AF000040930
  113,,,  551,1984-04-24,AF000040930
  108,   18,,  480,1984-04-25,AF000040930
,   20,,  399,1984-04-26,AF000040930
,  -24,,  269,1984-04-27,AF000040930
   44,  -60,,  330,1984-04-28,AF000040930
,  -45,,  259,1984-04-29,AF000040930
,  -34,,  249,1984-04-30,AF000040930
   77,  -17,,  180,1984-05-01,AF000040930
   74,   17,,,1984-05-02,AF000040930
   75,   20,,  119,1984-05-03,AF000040930
   84,,,   71,1984-05-04,AF000040930
   56,,,,1984-05-17,AF000040930
  108,,,,1984-05-18,AF000040930
   52,,,,1984-05-19,AF000040930
   65,  -27,,,1984-05-20,AF000040930
   90,    0,,,1984-05-21,AF000040930
  110,,,,1984-05-22,AF000040930
,   20,,,1984-05-23,AF000040930
  106,    7,,,1984-05-24,AF000040930
,   15,,,1984-05-25,AF000040930
,   30,,,1984-05-26,AF000040930
,,,,1984-05-27,AF000040930
,   37,,,1984-05-28,AF000040930
  136,   40,,,1984-05-29,AF000040930
  174,   47,,,1984-05-30,AF000040930
  153,   90,,,1984-06-01,AF000040930
,   50,,,1984-06-02,AF000040930
  153,   60,,,1984-06-04,AF000040930
  120,   40,,,1984-06-05,AF000040930
  115,   23,,,1984-06-06,AF000040930
  130,   30,,,1984-06-07,AF000040930
  175,   50,,,1984-06-08,AF000040930
,   62,,,1984-06-10,AF000040930
  115,,,,1984-06-11,AF000040930
  105,   30,,,1984-06-12,AF000040930
  115,,,,1984-06-13,AF000040930
  115,   35,,,1984-06-14,AF000040930
  145,   35,,,1984-06-15,AF000040930
   78,,,,1984-10-03,AF000040930
   60,  -10,,,1984-10-04,AF000040930
   76,,,,1984-10-06,AF000040930
   78,,,,1984-10-07,AF000040930
   58,,,,1984-10-08,AF000040930
  -55,,,,1984-10-09,AF000040930
   65, -105,,   20,1984-10-10,AF000040930
   42,  -65,,   10,1984-10-11,AF000040930
    7,,,,1984-10-13,AF000040930
  116,   28,,,1984-10-20,AF000040930
   50,  -25,,,1984-10-24,AF000040930
   40,  -18,,,1984-10-26,AF000040930
,,,,1984-10-28,AF000040930
,,,,1984-10-29,AF000040930
    0,  -64,,,1984-11-04,AF000040930
  -85,,,  429,1984-12-21,AF000040930
,  -90,,  541,1985-01-17,AF000040930
,,,  551,1985-02-22,AF000040930
  -17,,,,1985-03-07,AF000040930
   52,,,  551,1985-04-03,AF000040930
  153,,,,1985-06-09,AF000040930
  183,,,,1985-07-11,AF000040930
  137,,,,1985-08-28,AF000040930
  132,   35,,,1985-09-03,AF000040930
  102,   32,,,1985-09-04,AF000040930
,,,,1985-09-05,AF000040930
  120,   32,,,1985-09-07,AF000040930
,    5,,,1985-09-12,AF000040930
,,,,1985-09-14,AF000040930
   50,,,,1985-10-06,AF000040930
   34,  -43,,,1985-10-07,AF000040930
   65,  -50,,,1985-10-08,AF000040930
  -10,  -35,,,1985-10-09,AF000040930
   65,  -50,,,1985-10-10,AF000040930
,   -5,,,1985-10-11,AF000040930
,  -13,,   10,1985-10-12,AF000040930
,,,  150,1985-10-13,AF000040930
   -5,  -50,,  150,1985-10-14,AF000040930
  -35,  -70,,   99,1985-10-15,AF000040930
   -5,,,   99,1985-10-16,AF000040930
   40,  -77,,   61,1985-10-17,AF000040930
,  -50,,   30,1985-10-18,AF000040930
   70,  -45,,   20,1985-10-19,AF000040930
   50,,,   10,1985-10-20,AF000040930
   91,  -23,,   10,1985-10-21,AF000040930
   16,,,   30,1985-10-23,AF000040930
   86,  -45,,,1985-10-24,AF000040930
   25,  -84,,  191,1985-10-25,AF000040930
   35,,,  140,1985-10-26,AF000040930
   30,,,   99,1985-10-27,AF000040930
,  -45,,,1985-10-28,AF000040930
,  -22,,   41,1985-10-29,AF000040930
   46,,,,1985-10-30,AF000040930
   47,,,,1985-10-31,AF000040930
,,,,1985-11-01,AF000040930
   34,,,,1985-11-02,AF000040930
   56,  -42,,,1985-11-03,AF000040930
,  -50,,,1985-11-04,AF000040930
   15,,,,1985-11-07,AF000040930
   25,  -45,,,1985-11-08,AF000040930
    8,  -63,,  150,1985-11-09,AF000040930
  -10,  -70,,  160,1985-11-10,AF000040930
   47,,,   99,1985-11-11,AF000040930
   25,,,   61,1985-11-12,AF000040930
,  -72,,   51,1985-11-13,AF000040930
   25,,,   20,1985-11-16,AF000040930
  -30,  -50,,   61,1985-11-18,AF000040930
,  -90,,   30,1985-11-20,AF000040930
    0,,,   79,1985-11-22,AF000040930
   -5,  -95,,   89,1985-11-23,AF000040930
  -60, -102,,   71,1985-11-24,AF000040930
  -12, -104,,   89,1985-11-25,AF000040930
  -20, -100,,   71,1985-11-26,AF000040930
,  -95,,,1985-11-27,AF000040930
  -20,  -82,,  170,1985-11-28,AF000040930
  103,  -75,,  150,1985-11-29,AF000040930
   30,,,   41,1985-12-02,AF000040930
   40,,,,1985-12-03,AF000040930
,,,   20,1985-12-06,AF000040930
 -129, -173,,  671,1985-12-08,AF000040930
 -125, -194,,  630,1985-12-09,AF000040930
  -67,,,  589,1985-12-10,AF000040930
,,,  579,1985-12-11,AF000040930
  -35,,,  521,1985-12-12,AF000040930
  -44,  -89,,  480,1985-12-13,AF000040930
  -47,  -86,,  620,1985-12-14,AF000040930
  -70,,,  569,1985-12-16,AF000040930
, -121,,  579,1985-12-18,AF000040930
   34,,,  460,1985-12-20,AF000040930
,,,  371,1985-12-22,AF000040930
,,,,1985-12-26,AF000040930
, -212,,  879,1985-12-27,AF000040930
  -58,,,  861,1985-12-29,AF000040930
, -185,,  879,1986-01-02,AF000040930
  -45,,,  810,1986-01-03,AF000040930
  -12,,,  800,1986-01-04,AF000040930
  -15, -140,,  671,1986-01-07,AF000040930
, -123,,  511,1986-01-12,AF000040930
, -138,,  460,1986-01-14,AF000040930
, -104,,  399,1986-01-16,AF000040930
  -62,,,  780,1986-01-17,AF000040930
  -33, -141,,  429,1986-01-18,AF000040930
  -60,,,,1986-01-19,AF000040930
, -102,,  381,1986-01-20,AF000040930
, -101,,  399,1986-01-21,AF000040930
  -80, -185,,  589,1986-01-23,AF000040930
  -83,,,  831,1986-01-24,AF000040930
  -60,,,  940,1986-01-26,AF000040930
  -86,,,,1986-01-28,AF000040930
  -53, -185,,  879,1986-01-30,AF000040930
, -143,,  851,1986-01-31,AF000040930
  -50, -126,,  851,1986-02-01,AF000040930
  -80,,,  950,1986-02-03,AF000040930
  -75, -140,,  899,1986-02-04,AF000040930
  -20,  -82,,  749,1986-02-07,AF000040930
  -33,,,  701,1986-02-08,AF000040930
 -100, -160,, 1280,1986-02-15,AF000040930
  -85,,, 1501,1986-02-17,AF000040930
  -85,,, 1580,1986-02-18,AF000040930
  -75,,,,1986-02-19,AF000040930
  -40, -136,, 1641,1986-02-21,AF000040930
  -45, -128,, 1529,1986-02-22,AF000040930
, -133,, 1420,1986-02-24,AF000040930
,,, 1341,1986-02-25,AF000040930
   -3, -136,,,1986-02-26,AF000040930
    5, -100,, 1140,1986-02-28,AF000040930
   17,,,,1986-03-01,AF000040930
   10,,,  940,1986-03-03,AF000040930
   15,  -78,,  871,1986-03-04,AF000040930
   23,  -67,,  820,1986-03-05,AF000040930
   25,,,  780,1986-03-06,AF000040930
,  -81,,  739,1986-03-07,AF000040930
   22,  -72,,  691,1986-03-08,AF000040930
,,,,1986-03-10,AF000040930
  -30,  -76,,  889,1986-03-11,AF000040930
  -24,  -45,, 1100,1986-03-12,AF000040930
,  -63,, 1461,1986-03-13,AF000040930
,,,,1986-03-17,AF000040930
  -35,,, 2400,1986-03-19,AF000040930
  -42,,,  749,1986-03-21,AF000040930
  -53, -147,,,1986-03-22,AF000040930
  -55, -141,, 2700,1986-03-23,AF000040930
  -75, -170,, 2619,1986-03-24,AF000040930
  -35,  -75,, 2499,1986-03-26,AF000040930
  -25,,, 2921,1986-03-27,AF000040930
  -37, -182,, 2700,1986-03-29,AF000040930
,,, 2550,1986-03-30,AF000040930
, -165,, 2499,1986-03-31,AF000040930
  -80,,, 2149,1986-04-01,AF000040930
  -35,,, 1951,1986-04-02,AF000040930
  -10, -118,, 1750,1986-04-03,AF000040930
   42,  -99,, 1600,1986-04-04,AF000040930
   20,  -55,, 1549,1986-04-06,AF000040930
,  -50,, 1529,1986-04-07,AF000040930
    6,,, 2451,1986-04-08,AF000040930
   20,  -33,,,1986-04-09,AF000040930
   22,   -7,, 1369,1986-04-11,AF000040930
   23,  -16,, 1379,1986-04-12,AF000040930
   30,   -5,, 1331,1986-04-13,AF000040930
,  -30,, 1359,1986-04-14,AF000040930
   28,  -35,, 1300,1986-04-16,AF000040930
   52,  -22,, 1250,1986-04-17,AF000040930
  -20,  -77,,  810,1986-04-25,AF000040930
   20,,,  820,1986-04-28,AF000040930
,  -70,,,1987-03-01,AF000040930
   45,  -35,, 1461,1987-03-04,AF000040930
    2,,,  671,1987-03-09,AF000040930
   30,  -69,,,1987-03-10,AF000040930
    5,  -59,, 1600,1987-03-11,AF000040930
,  -60,,,1987-03-12,AF000040930
   13,  -55,, 1689,1987-03-13,AF000040930
,  -69,, 1679,1987-03-14,AF000040930
  -17,,, 1890,1987-03-15,AF000040930
   -4,  -90,, 1971,1987-03-16,AF000040930
   -5,  -80,, 1801,1987-03-17,AF000040930
   25,  -60,, 1801,1987-03-18,AF000040930
,  -73,, 1801,1987-03-19,AF000040930
  -25,,,,1987-03-20,AF000040930
    2,  -97,, 1999,1987-03-21,AF000040930
,,, 2101,1987-03-23,AF000040930
  -35,,,,1987-03-24,AF000040930
    0,  -58,, 2019,1987-03-25,AF000040930
   23,  -55,, 1999,1987-03-26,AF000040930
    5,,, 1951,1987-03-27,AF000040930
,,,,1987-03-28,AF000040930
,   -9,, 2400,1987-03-31,AF000040930
    6,  -20,, 2700,1987-04-01,AF000040930
,  -62,, 2799,1987-04-02,AF000040930
,,, 2751,1987-04-03,AF000040930
   -7,,, 2649,1987-04-04,AF000040930
    6,  -28,, 2550,1987-04-05,AF000040930
  -20,,, 2700,1987-04-08,AF000040930
,,,,1987-04-09,AF000040930
   12,,, 2649,1987-04-10,AF000040930
   42,,, 2499,1987-04-12,AF000040930
   40,,, 2400,1987-04-14,AF000040930
   72,,, 2350,1987-04-15,AF000040930
   82,  -25,, 2149,1987-04-17,AF000040930
   98,,,,1987-04-19,AF000040930
,   50,, 1961,1987-04-20,AF000040930
   85,   47,, 1910,1987-04-21,AF000040930
   40,,, 1880,1987-04-22,AF000040930
   -2,  -71,, 1849,1987-04-23,AF000040930
   38,  -50,, 1811,1987-04-24,AF000040930
   55,  -50,, 1760,1987-04-25,AF000040930
   90,  -37,, 1669,1987-04-26,AF000040930
,,,,1987-04-27,AF000040930
  105,,, 1461,1987-04-28,AF000040930
   50,,, 1400,1987-04-29,AF000040930
   15,,, 1199,1987-04-30,AF000040930
  -35,  -85,, 1181,1987-05-01,AF000040930
   24,,, 1140,1987-05-02,AF000040930
   72,,, 1100,1987-05-03,AF000040930
,,, 1021,1987-05-04,AF000040930
,  -30,, 1080,1987-05-05,AF000040930
   45,  -25,, 1001,1987-05-06,AF000040930
,  -40,,  980,1987-05-07,AF000040930
,,,  899,1987-05-08,AF000040930
,,,,1987-05-09,AF000040930
   45,,,  719,1987-05-10,AF000040930
   65,,,  650,1987-05-11,AF000040930
   62,,,  579,1987-05-12,AF000040930
   73,  -25,,  551,1987-05-13,AF000040930
   73,,,  419,1987-05-14,AF000040930
,,,  351,1987-05-15,AF000040930
  106,  -10,,  269,1987-05-16,AF000040930
   65,,,  150,1987-05-18,AF000040930
   40,,,,1987-05-19,AF000040930
   60,,,   30,1987-05-21,AF000040930
   62,,,   10,1987-05-22,AF000040930
   80,,,   41,1987-05-23,AF000040930
  109,,,,1987-05-24,AF000040930
  120,,,,1987-05-25,AF000040930
  149,,,,1987-05-27,AF000040930
  146,   40,,,1987-05-28,AF000040930
,   56,,,1987-05-29,AF000040930
,,,,1987-06-04,AF000040930
,,,,1987-06-05,AF000040930
,   50,,,1987-06-06,AF000040930
  128,,,,1987-06-07,AF000040930
  100,   30,,,1987-06-08,AF000040930
  107,    0,,,1987-06-11,AF000040930
  115,,,,1987-06-12,AF000040930
,,,,1987-06-14,AF000040930
   55,    5,,,1987-06-15,AF000040930
   65,,,,1987-06-16,AF000040930
  126,,,,1987-06-20,AF000040930
   80,,,,1987-06-21,AF000040930
   74,,,,1987-07-12,AF000040930
   95,,,,1987-07-28,AF000040930
,   46,,,1987-07-29,AF000040930
,   15,,,1987-08-11,AF000040930
,   75,,,1987-08-14,AF000040930
  165,,,,1987-08-16,AF000040930
  150,,,,1987-08-21,AF000040930
,,,,1987-08-25,AF000040930
,,,,1987-08-26,AF000040930
  130,,,,1987-08-28,AF000040930
  172,   46,,,1987-08-30,AF000040930
  140,,,,1987-08-31,AF000040930
,   28,,,1987-09-01,AF000040930
  120,   20,,,1987-09-02,AF000040930
  112,   25,,,1987-09-03,AF000040930
  115,   20,,,1987-09-04,AF000040930
  122,  -15,,,1987-09-11,AF000040930
  122,,,,1987-09-12,AF000040930
  115,   10,,,1987-09-13,AF000040930
  130,   20,,,1987-09-14,AF000040930
  134,   28,,,1987-09-15,AF000040930
  150,,,,1987-09-17,AF000040930
   50,   20,,,1987-09-20,AF000040930
  132,,,,1987-09-22,AF000040930
   63,    5,,,1987-09-24,AF000040930
  104,,,,1987-09-25,AF000040930
   75,   -6,,,1987-09-26,AF000040930
   72,,,,1987-09-28,AF000040930
  122,   20,,,1987-09-29,AF000040930
  120,,,,1987-09-30,AF000040930
   95,,,,1987-10-03,AF000040930
  110,    5,,,1987-10-04,AF000040930
  123,,,,1987-10-05,AF000040930
  115,,,,1987-10-06,AF000040930
  110,   32,,,1987-10-07,AF000040930
,,,,1987-10-10,AF000040930
,  -77,,   79,1987-10-14,AF000040930
   20,,,   20,1987-10-16,AF000040930
   45,,,  249,1987-10-22,AF000040930
,   -6,,   79,1987-10-25,AF000040930
   59,,,,1987-10-27,AF000040930
,  -34,,,1987-10-28,AF000040930
  -35,,,,1987-10-29,AF000040930
  -10,  -83,,,1987-10-30,AF000040930
   29,  -73,,,1987-10-31,AF000040930
   35,,,,1987-11-01,AF000040930
   41,  -47,,,1987-11-02,AF000040930
   65,,,,1987-11-03,AF000040930
   70,,,,1987-11-06,AF000040930
  100,   -3,,,1987-11-07,AF000040930
   78,,,,1987-11-08,AF000040930
,  -25,,,1987-11-09,AF000040930
   70,,,,1987-11-10,AF000040930
   30,,,,1987-11-12,AF000040930
   45,  -50,,,1987-11-13,AF000040930
   55,  -49,,,1987-11-14,AF000040930
   53,,,,1987-11-15,AF000040930
,  -71,,,1987-11-16,AF000040930
   35,  -85,,,1987-11-17,AF000040930
   49,  -51,,,1987-11-18,AF000040930
,  -54,,,1987-11-19,AF000040930
,,,,1987-11-20,AF000040930
,  -20,,,1987-11-22,AF000040930
,,,,1987-11-25,AF000040930
   15,,,,1987-11-26,AF000040930
  -90, -210,,  310,1987-12-03,AF000040930
, -124,,  249,1987-12-05,AF000040930
,  -50,,  201,1987-12-07,AF000040930
,  -40,,  140,1987-12-09,AF000040930
   15,  -35,,   20,1987-12-14,AF000040930
,  -65,,   20,1987-12-15,AF000040930
,,,,1987-12-16,AF000040930
,,,,1987-12-17,AF000040930
   20,  -76,,,1987-12-18,AF000040930
   44,  -63,,,1987-12-19,AF000040930
   54,,,,1987-12-20,AF000040930
   30,,,,1987-12-22,AF000040930
,,,,1987-12-26,AF000040930
,  -50,,,1987-12-27,AF000040930
,,,,1987-12-29,AF000040930
  -35,,,  351,1987-12-31,AF000040930
,,,,1988-01-01,AF000040930
,,,,1988-01-03,AF000040930
, -100,,  810,1988-01-05,AF000040930
  -35, -114,,  790,1988-01-06,AF000040930
  -20, -100,,  701,1988-01-07,AF000040930
  -50,,,  701,1988-01-08,AF000040930
, -116,,  671,1988-01-10,AF000040930
  -65,  -90,,  681,1988-01-14,AF000040930
  -60,,,  800,1988-01-15,AF000040930
, -144,,  780,1988-01-16,AF000040930
  -22,,,  610,1988-01-17,AF000040930
,  -95,, 1140,1988-01-19,AF000040930
,,,,1988-01-22,AF000040930
  -70,,,   51,1988-01-23,AF000040930
  -90,,, 1031,1988-01-24,AF000040930
  -90, -166,, 1001,1988-01-25,AF000040930
, -115,, 1130,1988-01-28,AF000040930
  -65, -120,, 1049,1988-01-29,AF000040930
  -10,,, 1100,1988-02-02,AF000040930
   18,  -52,, 1001,1988-02-03,AF000040930
,  -64,,,1988-02-06,AF000040930
,,, 1509,1988-02-07,AF000040930
,,, 1481,1988-02-08,AF000040930
,,,,1988-02-09,AF000040930
  -60, -100,, 1100,1988-02-13,AF000040930
  -10, -120,, 1049,1988-02-14,AF000040930
  -25,,,  980,1988-02-16,AF000040930
  -45, -127,,  940,1988-02-17,AF000040930
  -55,,, 1001,1988-02-18,AF000040930
  -44,,, 1001,1988-02-19,AF000040930
,,, 1130,1988-02-21,AF000040930
  -15,,, 1001,1988-02-23,AF000040930
  -24, -145,,  980,1988-02-24,AF000040930
,  -90,,  980,1988-02-25,AF000040930
, -168,, 1100,1988-02-28,AF000040930
  -60, -112,, 1059,1988-02-29,AF000040930
  -10,,,  950,1988-03-03,AF000040930
  -23,  -45,, 1199,1988-03-04,AF000040930
  -25,,, 1570,1988-03-09,AF000040930
  -20,  -49,, 1631,1988-03-10,AF000040930
  -20,,, 1651,1988-03-11,AF000040930
,,,,1988-03-12,AF000040930
, -105,, 1801,1988-03-13,AF000040930
  -35,,,,1988-03-15,AF000040930
  -64,,, 1699,1988-03-17,AF000040930
,,,,1988-03-18,AF000040930
    2, -157,, 1651,1988-03-19,AF000040930
    0, -120,,,1988-03-20,AF000040930
   20,,, 1420,1988-03-22,AF000040930
,,,,1988-03-23,AF000040930
   -5,,  150, 1560,1988-03-24,AF000040930
,,    0, 2050,1988-03-25,AF000040930
  -30,,, 1910,1988-03-28,AF000040930
,  -99,, 1941,1988-03-29,AF000040930
  -10, -102,, 1849,1988-03-30,AF000040930
    5,  -98,, 1869,1988-03-31,AF000040930
,  -60,, 1801,1988-04-01,AF000040930
    2, -157,, 1859,1988-04-04,AF000040930
   -3,,, 1839,1988-04-05,AF000040930
   10,  -34,, 1801,1988-04-06,AF000040930
   10,,,,1988-04-07,AF000040930
   12,  -25,, 1930,1988-04-08,AF000040930
   28,,, 1900,1988-04-09,AF000040930
   28,,, 1801,1988-04-10,AF000040930
   50,,, 1750,1988-04-11,AF000040930
   72,,, 1501,1988-04-13,AF000040930
   70,  -25,, 1400,1988-04-14,AF000040930
   90,,, 1300,1988-04-15,AF000040930
  100,   25,, 1229,1988-04-16,AF000040930
   45,,, 1100,1988-04-18,AF000040930
   55,  -10,, 1049,1988-04-19,AF000040930
   85,  -25,, 1001,1988-04-20,AF000040930
   92,,,  950,1988-04-21,AF000040930
   96,    8,,  899,1988-04-22,AF000040930
  110,,,  739,1988-04-25,AF000040930
  110,,,  650,1988-04-26,AF000040930
,,,,1988-04-29,AF000040930
   50,    0,,  500,1988-04-30,AF000040930
   77,,,  351,1988-05-02,AF000040930
,,,,1988-05-03,AF000040930
,,,  249,1988-05-04,AF000040930
   10,,,  201,1988-05-05,AF000040930
   15,,,  231,1988-05-06,AF000040930
   70,,,,1988-05-09,AF000040930
  105,,,,1988-05-11,AF000040930
  139,,,,1988-05-12,AF000040930
  140,,,,1988-05-13,AF000040930
  233,,,,1988-05-20,AF000040930
  114,,,,1988-05-24,AF000040930
  157,,,,1988-05-26,AF000040930
,,,,1988-05-28,AF000040930
  163,,,,1988-05-30,AF000040930
  170,,,,1988-06-04,AF000040930
  100,,,,1988-06-05,AF000040930
  110,,,,1988-06-06,AF000040930
,,,,1988-06-07,AF000040930
   74,,,,1988-06-08,AF000040930
  100,,,,1988-06-09,AF000040930
  100,,,,1988-06-10,AF000040930
  135,,,,1988-06-14,AF000040930
  166,   57,,,1988-06-16,AF000040930
  165,,,,1988-06-17,AF000040930
  203,,,,1988-06-18,AF000040930
  175,,,,1988-06-19,AF000040930
  207,,,,1988-06-20,AF000040930
  188,,,,1988-06-21,AF000040930
,,,,1988-06-23,AF000040930
  205,,,,1988-06-24,AF000040930
  215,   98,,,1988-06-25,AF000040930
,,,,1988-06-26,AF000040930
  135,,,,1988-06-27,AF000040930
,,,,1988-06-28,AF000040930
  195,,,,1988-07-02,AF000040930
  134,,,,1988-07-06,AF000040930
,,,,1988-07-07,AF000040930
  202,,,,1988-07-10,AF000040930
,   95,,,1988-07-11,AF000040930
,  100,,,1988-07-12,AF000040930
  161,,,,1988-07-14,AF000040930
  170,,,,1988-07-15,AF000040930
,,,,1988-07-17,AF000040930
,,,,1988-07-18,AF000040930
,,,,1988-07-19,AF000040930
  175,,,,1988-07-20,AF000040930
  160,,,,1988-07-21,AF000040930
  154,,,,1988-07-22,AF000040930
,,,,1988-07-23,AF000040930
  131,,,,1988-07-24,AF000040930
  195,,,,1988-07-28,AF000040930
  155,,,,1988-08-04,AF000040930
,,,,1988-08-05,AF000040930
,,,,1988-08-06,AF000040930
  160,,,,1988-08-08,AF000040930
,,,,1988-08-10,AF000040930
,,,,1988-08-15,AF000040930
  135,,,,1988-08-16,AF000040930
  150,,,,1988-08-17,AF000040930
,,,,1988-08-21,AF000040930
  117,,,,1988-08-24,AF000040930
  100,,,,1988-08-26,AF000040930
  120,,,,1988-08-28,AF000040930
  125,,,,1988-08-30,AF000040930
  135,,,,1988-09-04,AF000040930
,,,,1988-09-07,AF000040930
  148,,,,1988-09-10,AF000040930
  153,,,,1988-09-13,AF000040930
  124,,,,1988-09-14,AF000040930
   88,,,,1988-09-16,AF000040930
  110,,,,1988-09-18,AF000040930
  105,,,,1988-09-21,AF000040930
,,,,1988-09-27,AF000040930
,,,,1988-10-14,AF000040930
   52,,,,1988-10-25,AF000040930
  100,,,,1988-11-14,AF000040930
   70,,,,1988-11-15,AF000040930
,,,,1988-11-16,AF000040930
  199,,,,1988-11-17,AF000040930
   60,,,,1988-11-18,AF000040930
   76,,,,1988-11-19,AF000040930
   40,,,,1988-11-20,AF000040930
    5,,,,1988-11-21,AF000040930
   55,,,  119,1988-11-24,AF000040930
  -40,,, 1049,1988-11-25,AF000040930
  -27,,,,1988-11-26,AF000040930
,,,,1988-11-27,AF000040930
    7,,,   10,1988-12-02,AF000040930
  -10,,,,1988-12-07,AF000040930
    0,,,,1988-12-13,AF000040930
  -40,,,,1988-12-14,AF000040930
  -15,,,,1988-12-15,AF000040930
  -54,,,  701,1988-12-19,AF000040930
  -85,,,,1989-01-18,AF000040930
   50,,, 2949,1989-04-13,AF000040930
   45,,, 2560,1989-04-19,AF000040930
  -59, -134,,  681,1989-12-28,AF000040930
  -59, -110,,  681,1989-12-29,AF000040930
  -80, -105,,  500,1990-01-02,AF000040930
,,,,1990-01-03,AF000040930
,,,  701,1990-01-05,AF000040930
  -80, -150,,  620,1990-01-07,AF000040930
  -58, -105,,  559,1990-01-09,AF000040930
,  -75,,  500,1990-01-11,AF000040930
  -62,,,  640,1990-01-12,AF000040930
,,,  500,1990-01-18,AF000040930
,  -75,, 1900,1990-01-19,AF000040930
  -20,  -70,, 1849,1990-01-20,AF000040930
  -13,  -82,, 1880,1990-01-22,AF000040930
,  -35,, 1829,1990-01-23,AF000040930
,  -64,, 1811,1990-01-24,AF000040930
, -213,,  239,1990-01-28,AF000040930
, -110,,,1990-01-29,AF000040930
  -26, -110,, 2601,1990-02-04,AF000040930
, -105,, 2601,1990-02-05,AF000040930
  -55,  -70,, 2499,1990-02-06,AF000040930
  -45,,, 2530,1990-02-07,AF000040930
  -50, -116,, 2499,1990-02-08,AF000040930
  -70, -164,, 2390,1990-02-09,AF000040930
  -62,,, 2560,1990-02-12,AF000040930
  -83,,, 2901,1990-02-13,AF000040930
, -162,, 2830,1990-02-14,AF000040930
,,,,1990-02-15,AF000040930
  -79,,, 2690,1990-02-16,AF000040930
  -13, -140,, 2400,1990-02-18,AF000040930
    3, -116,, 2250,1990-02-21,AF000040930
  -95, -175,, 2400,1990-02-26,AF000040930
 -140,,, 2350,1990-02-27,AF000040930
, -160,, 2149,1990-03-01,AF000040930
  -64,,,,1990-03-02,AF000040930
   10, -148,, 1951,1990-03-03,AF000040930
  -18, -145,, 1801,1990-03-04,AF000040930
  -35, -110,, 1770,1990-03-05,AF000040930
   15,,, 1349,1990-03-09,AF000040930
,,, 1389,1990-03-10,AF000040930
    0, -154,, 1349,1990-03-11,AF000040930
   26,  -75,, 1300,1990-03-12,AF000040930
  -50, -140,, 1331,1990-03-24,AF000040930
  -30,  -95,, 1600,1990-03-27,AF000040930
  -35,,, 1651,1990-03-28,AF000040930
,,,,1990-03-29,AF000040930
   20,,, 1801,1990-03-30,AF000040930
   30, -114,, 1651,1990-04-01,AF000040930
,  -31,, 1491,1990-04-05,AF000040930
,  -27,, 1859,1990-04-06,AF000040930
    0,  -84,, 1849,1990-04-07,AF000040930
,,, 1720,1990-04-21,AF000040930
,  -25,, 1491,1990-04-25,AF000040930
,   15,,,1990-05-11,AF000040930
,,,,1990-05-15,AF000040930
  -25,,,  259,1991-11-13,AF000040930
,  -94,,  361,1991-11-14,AF000040930
, -110,,  701,1991-11-15,AF000040930
,  -97,, 1080,1991-11-20,AF000040930
   15,,,,1991-11-21,AF000040930
   18,  -97,,   20,1991-11-25,AF000040930
    8,  -65,,   10,1991-11-26,AF000040930
, -103,,,1991-11-28,AF000040930
,,,,1991-11-29,AF000040930
  -50,,,  371,1991-11-30,AF000040930
  -20,  -75,,  300,1991-12-03,AF000040930
   -5,  -48,,  221,1991-12-06,AF000040930
,,,  239,1991-12-07,AF000040930
  -43,,, 2050,1991-12-24,AF000040930
,  -83,, 1199,1992-01-04,AF000040930
  -72,,, 1600,1992-01-08,AF000040930
, -170,, 1600,1992-01-12,AF000040930
  -50,  -90,, 1400,1992-01-13,AF000040930
  -35, -128,,  701,1992-01-21,AF000040930
  -75,  -95,, 1501,1992-01-25,AF000040930
  -55, -190,, 2601,1992-02-14,AF000040930
  -40,  -73,, 2499,1992-03-09,AF000040930
    5,,, 2700,1992-04-08,AF000040930
,  -35,, 2700,1992-04-09,AF000040930
   40,    0,, 2050,1992-04-16,AF000040930
    5,,, 2159,1992-04-17,AF000040930
,,, 2601,1992-04-21,AF000040930
